image,fit
https://m.media-amazon.com/images/I/71TE3h4EUfL._AC_UL640_FMwebp_QL65_.jpg,wide-leg
https://m.media-amazon.com/images/I/61hnr0CT3UL._AC_UL640_FMwebp_QL65_.jpg,wide-leg
https://m.media-amazon.com/images/I/61cDu1RQqWL._AC_UL640_FMwebp_QL65_.jpg,wide-leg
https://m.media-amazon.com/images/I/81iTtHaE69L._AC_UL640_FMwebp_QL65_.jpg,wide-leg
https://m.media-amazon.com/images/I/71u0oLvQfnL._AC_UL640_FMwebp_QL65_.jpg,wide-leg
https://m.media-amazon.com/images/I/71BAbrz2CoL._AC_UL640_FMwebp_QL65_.jpg,wide-leg
https://m.media-amazon.com/images/I/71rrwDQY+tL._AC_UL640_FMwebp_QL65_.jpg,wide-leg
https://m.media-amazon.com/images/I/81yK56NJYkL._AC_UL640_FMwebp_QL65_.jpg,wide-leg
https://m.media-amazon.com/images/I/61U5oat3TcL._AC_UL640_FMwebp_QL65_.jpg,wide-leg
https://m.media-amazon.com/images/I/61LAyypC57L._AC_UL640_FMwebp_QL65_.jpg,wide-leg
https://m.media-amazon.com/images/I/71jAT4gD6UL._AC_UL640_FMwebp_QL65_.jpg,wide-leg
https://m.media-amazon.com/images/I/71uTOlUXBDL._AC_UL640_FMwebp_QL65_.jpg,wide-leg
https://m.media-amazon.com/images/I/41A-OqDat9L._AC_UL640_FMwebp_QL65_.jpg,wide-leg
https://m.media-amazon.com/images/I/71c-lQM7JKL._AC_UL640_FMwebp_QL65_.jpg,wide-leg
https://m.media-amazon.com/images/I/71Oy5Uo-fpL._AC_UL640_FMwebp_QL65_.jpg,wide-leg
https://m.media-amazon.com/images/I/71c-lQM7JKL._AC_UL640_FMwebp_QL65_.jpg,wide-leg
https://m.media-amazon.com/images/I/71TdFrj9XYL._AC_UL640_QL65_.jpg,wide-leg
https://m.media-amazon.com/images/I/71s8Tl1g+7L._AC_UL640_QL65_.jpg,wide-leg
https://m.media-amazon.com/images/I/51P1c9qwK8L._AC_UL640_QL65_.jpg,wide-leg
https://m.media-amazon.com/images/I/71sljG45NWL._AC_UL640_QL65_.jpg,wide-leg