url,name,image
https://www.hollisterco.com/shop/us/p/light-wash-baggy-jeans-57261319?categoryId=12589&faceout=model&seq=07&afsource=social+proofing&pagefm=navigation-grid&prodvm=navigation-grid,LIGHT WASH BAGGY JEANS,https://img.hollisterco.com/is/image/anf/KIC_331-4145-00098-280_model2.jpg?policy=product-large
https://www.hollisterco.com/shop/us/p/washed-black-baggy-jeans-57207341?categoryId=12589&faceout=life&seq=05&afsource=social+proofing&pagefm=navigation-grid&prodvm=navigation-grid,WASHED BLACK BAGGY JEANS,https://img.hollisterco.com/is/image/anf/KIC_331-4107-00097-977_model1.jpg?policy=product-large
https://www.hollisterco.com/shop/us/p/medium-wash-slim-straight-jeans-57459319?categoryId=12589&faceout=model&seq=16&pagefm=navigation-grid&prodvm=navigation-grid,MEDIUM WASH STRAIGHT JEANS,https://img.hollisterco.com/is/image/anf/KIC_331-4137-00108-278_model2.jpg?policy=product-large
https://www.hollisterco.com/shop/us/p/light-wash-super-baggy-jeans-58875586?categoryId=12589&faceout=model&seq=04&afsource=social+proofing&pagefm=navigation-grid&prodvm=navigation-grid,LIGHT WASH SUPER BAGGY JEANS,https://img.hollisterco.com/is/image/anf/KIC_331-5092-00241-280_model2.jpg?policy=product-large
https://www.hollisterco.com/shop/us/p/slim-straight-chino-pants-56896896?categoryId=12589&faceout=prod&seq=04&pagefm=navigation-grid&prodvm=navigation-grid,SLIM STRAIGHT CHINO PANTS,https://img.hollisterco.com/is/image/anf/KIC_330-4088-0120-200_prod2.jpg?policy=product-large
https://www.hollisterco.com/shop/us/p/dark-wash-straight-jeans-57624823?categoryId=12589&faceout=model&seq=15&pagefm=navigation-grid&prodvm=navigation-grid,DARK WASH STRAIGHT JEANS,https://img.hollisterco.com/is/image/anf/KIC_331-4138-00109-276_model2.jpg?policy=product-large
https://www.hollisterco.com/shop/us/p/dark-wash-super-baggy-jeans-58875597?categoryId=12589&faceout=model&seq=05&afsource=social+proofing&pagefm=navigation-grid&prodvm=navigation-grid,DARK WASH SUPER BAGGY JEANS,https://img.hollisterco.com/is/image/anf/KIC_331-5091-00240-276_model2.jpg?policy=product-large
https://www.hollisterco.com/shop/us/p/light-wash-baggy-jeans-58661015?categoryId=12589&faceout=model&seq=32&afsource=social+proofing&pagefm=navigation-grid&prodvm=navigation-grid,LIGHT WASH BAGGY JEANS,https://img.hollisterco.com/is/image/anf/KIC_331-5188-00213-278_model2.jpg?policy=product-large
https://www.hollisterco.com/shop/us/p/washed-black-baggy-cargo-jeans-58488319?categoryId=12589&faceout=model&seq=16&afsource=social+proofing&pagefm=navigation-grid&prodvm=navigation-grid,WASHED BLACK BAGGY CARGO JEANS,https://img.hollisterco.com/is/image/anf/KIC_331-5038-00170-977_model2.jpg?policy=product-large
https://www.hollisterco.com/shop/us/p/washed-black-super-baggy-jeans-58661025?categoryId=12589&faceout=life&seq=01&afsource=social+proofing&pagefm=navigation-grid&prodvm=navigation-grid,WASHED BLACK SUPER BAGGY JEANS,https://img.hollisterco.com/is/image/anf/KIC_331-5095-00247-977_model1.jpg?policy=product-large
https://www.hollisterco.com/shop/us/p/slim-straight-chino-pants-56896917?categoryId=12589&faceout=prod&seq=03&pagefm=navigation-grid&prodvm=navigation-grid,SLIM STRAIGHT CHINO PANTS,https://img.hollisterco.com/is/image/anf/KIC_330-4089-0121-475_prod2.jpg?policy=product-large
https://www.hollisterco.com/shop/us/p/camo-baggy-carpenter-jeans-58807466?categoryId=12589&faceout=model&seq=34&afsource=social+proofing&pagefm=navigation-grid&prodvm=navigation-grid,CAMO BAGGY CARPENTER JEANS,https://img.hollisterco.com/is/image/anf/KIC_331-5096-00228-338_model2.jpg?policy=product-large
https://www.hollisterco.com/shop/us/p/heavyweight-loose-camo-cargo-pants-57469320?categoryId=12589&faceout=model&seq=01&pagefm=navigation-grid&prodvm=navigation-grid,HEAVYWEIGHT LOOSE CAMO CARGO PANTS,https://img.hollisterco.com/is/image/anf/KIC_330-4142-00102-380_life1.jpg?policy=product-large
https://www.hollisterco.com/shop/us/p/relaxed-all-day-taper-pants-58874987?categoryId=12589&faceout=model&seq=02&pagefm=navigation-grid&prodvm=navigation-grid,RELAXED ALL-DAY TAPER PANTS,https://img.hollisterco.com/is/image/anf/KIC_330-5022-00183-900_model2.jpg?policy=product-large
https://www.hollisterco.com/shop/us/p/light-wash-baggy-painter-jeans-58044844?categoryId=12589&faceout=model&seq=11&afsource=social+proofing&pagefm=navigation-grid&prodvm=navigation-grid,LIGHT WASH BAGGY PAINTER JEANS,https://img.hollisterco.com/is/image/anf/KIC_331-4125-00111-280_model2.jpg?policy=product-large
https://www.hollisterco.com/shop/us/p/skinny-chino-pants-57207474?categoryId=12589&faceout=model&seq=03&pagefm=navigation-grid&prodvm=navigation-grid,SKINNY CHINO PANTS,https://img.hollisterco.com/is/image/anf/KIC_330-4074-0022-900_model2.jpg?policy=product-large
https://www.hollisterco.com/shop/us/p/baggy-track-pants-58874977?categoryId=12589&faceout=life&seq=02&pagefm=navigation-grid&prodvm=navigation-grid,BAGGY TRACK PANTS,https://img.hollisterco.com/is/image/anf/KIC_330-5041-00148-900_model1.jpg?policy=product-large
https://www.hollisterco.com/shop/us/p/medium-wash-super-baggy-jeans-58661022?categoryId=12589&faceout=life&seq=02&afsource=social+proofing&pagefm=navigation-grid&prodvm=navigation-grid,MEDIUM WASH SUPER BAGGY JEANS,https://img.hollisterco.com/is/image/anf/KIC_331-5093-00246-278_prod1.jpg?policy=product-large
https://www.hollisterco.com/shop/us/p/relaxed-all-day-taper-pants-58874992?categoryId=12589&faceout=model&seq=03&pagefm=navigation-grid&prodvm=navigation-grid,RELAXED ALL-DAY TAPER PANTS,https://img.hollisterco.com/is/image/anf/KIC_330-5021-00184-120_model2.jpg?policy=product-large
https://www.hollisterco.com/shop/us/p/dark-wash-logo-embroidery-super-baggy-jeans-58860917?categoryId=12589&faceout=model&seq=07&afsource=social+proofing&pagefm=navigation-grid&prodvm=navigation-grid,DARK WASH LOGO EMBROIDERY SUPER BAGGY JEANS,https://img.hollisterco.com/is/image/anf/KIC_331-5080-00168-276_model2.jpg?policy=product-large
https://www.hollisterco.com/shop/us/p/slim-straight-chino-pants-57207502?categoryId=12589&faceout=model&seq=06&pagefm=navigation-grid&prodvm=navigation-grid,SLIM STRAIGHT CHINO PANTS,https://img.hollisterco.com/is/image/anf/KIC_330-4091-0123-120_model2.jpg?policy=product-large
https://www.hollisterco.com/shop/us/p/relaxed-twill-cargo-joggers-56896952?categoryId=12589&faceout=prod&seq=09&pagefm=navigation-grid&prodvm=navigation-grid,RELAXED TWILL CARGO JOGGERS,https://img.hollisterco.com/is/image/anf/KIC_330-4108-0125-900_prod2.jpg?policy=product-large
https://www.hollisterco.com/shop/us/p/relaxed-twill-cargo-joggers-56896952?categoryId=12589&faceout=prod&seq=09&pagefm=navigation-grid&prodvm=navigation-grid,RELAXED TWILL CARGO JOGGERS,https://img.hollisterco.com/is/image/anf/KIC_330-4108-0125-900_prod1.jpg?policy=product-large
https://www.hollisterco.com/shop/us/p/dark-wash-boot-jeans-59034191?categoryId=12589&faceout=model&seq=12&pagefm=navigation-grid&prodvm=navigation-grid,MEDIUM WASH BOOTCUT JEANS,https://img.hollisterco.com/is/image/anf/KIC_331-5097-00007-276_model2.jpg?policy=product-large
https://www.hollisterco.com/shop/us/p/slim-straight-chino-pants-59033955?categoryId=12589&faceout=model&seq=07&pagefm=navigation-grid&prodvm=navigation-grid,SLIM STRAIGHT CHINO PANTS,https://img.hollisterco.com/is/image/anf/KIC_330-4188-00129-900_model2.jpg?policy=product-large
https://www.hollisterco.com/shop/us/p/dark-wash-slim-straight-jeans-59034181?categoryId=12589&faceout=model&seq=23&pagefm=navigation-grid&prodvm=navigation-grid,DARK WASH SLIM STRAIGHT JEANS,https://img.hollisterco.com/is/image/anf/KIC_331-5085-00031-276_model2.jpg?policy=product-large
https://www.hollisterco.com/shop/us/p/loose-carpenter-jeans-57374668?categoryId=12589&faceout=model&seq=23&pagefm=navigation-grid&prodvm=navigation-grid,LOOSE CARPENTER JEANS,https://img.hollisterco.com/is/image/anf/KIC_331-4117-00080-180_model2.jpg?policy=product-large
https://www.hollisterco.com/shop/us/p/baggy-track-pants-58874976?categoryId=12589&faceout=model&seq=01&pagefm=navigation-grid&prodvm=navigation-grid,BAGGY TRACK PANTS,https://img.hollisterco.com/is/image/anf/KIC_330-5045-00186-200_model2.jpg?policy=product-large
https://www.hollisterco.com/shop/us/p/light-wash-playing-cards-graphic-super-baggy-jeans-58860935?categoryId=12589&faceout=model&seq=08&afsource=social+proofing&pagefm=navigation-grid&prodvm=navigation-grid,LIGHT WASH PLAYING CARDS GRAPHIC SUPER BAGGY JEANS,https://img.hollisterco.com/is/image/anf/KIC_331-5079-00167-280_model2.jpg?policy=product-large
https://www.hollisterco.com/shop/us/p/baggy-cargo-pull-on-pants-58344350?categoryId=12589&faceout=prod&seq=06&pagefm=navigation-grid&prodvm=navigation-grid,BAGGY CARGO PULL-ON PANTS,https://img.hollisterco.com/is/image/anf/KIC_330-4147-00123-900_model1.jpg?policy=product-large
https://www.hollisterco.com/shop/us/p/linen-blend-loose-pull-on-pants-59034122?categoryId=12589&faceout=model&seq=06&pagefm=navigation-grid&prodvm=navigation-grid,LINEN-BLEND LOOSE PULL-ON PANTS,https://img.hollisterco.com/is/image/anf/KIC_330-5011-00199-100_model2.jpg?policy=product-large
https://www.hollisterco.com/shop/us/p/light-wash-baggy-cargo-jeans-58875666?categoryId=12589&faceout=model&seq=41&afsource=social+proofing&pagefm=navigation-grid&prodvm=navigation-grid,LIGHT WASH BAGGY CARGO JEANS,https://img.hollisterco.com/is/image/anf/KIC_331-5030-00207-280_model2.jpg?policy=product-large
https://www.hollisterco.com/shop/us/p/dark-wash-boot-jeans-59034125?categoryId=12589&faceout=model&seq=14&pagefm=navigation-grid&prodvm=navigation-grid,DARK WASH BOOTCUT JEANS,https://img.hollisterco.com/is/image/anf/KIC_331-5146-00010-276_model2.jpg?policy=product-large
https://www.hollisterco.com/shop/us/p/light-wash-slim-straight-jeans-59034068?categoryId=12589&faceout=model&seq=25&pagefm=navigation-grid&prodvm=navigation-grid,LIGHT WASH SLIM STRAIGHT JEANS,https://img.hollisterco.com/is/image/anf/KIC_331-5039-00032-280_model2.jpg?policy=product-large
https://www.hollisterco.com/shop/us/p/skinny-chino-pants-57207479?categoryId=12589&faceout=model&seq=04&pagefm=navigation-grid&prodvm=navigation-grid,SKINNY CHINO PANTS,https://img.hollisterco.com/is/image/anf/KIC_330-4070-0021-200_model2.jpg?policy=product-large
https://www.hollisterco.com/shop/us/p/light-wash-straight-jeans-59034338?categoryId=12589&faceout=model&seq=01&pagefm=navigation-grid&prodvm=navigation-grid,LIGHT WASH STRAIGHT JEANS,https://img.hollisterco.com/is/image/anf/KIC_331-5197-00237-280_model2.jpg?policy=product-large
https://www.hollisterco.com/shop/us/p/linen-blend-loose-pull-on-pants-59034127?categoryId=12589&faceout=model&seq=01&pagefm=navigation-grid&prodvm=navigation-grid,LINEN-BLEND LOOSE PULL-ON PANTS,https://img.hollisterco.com/is/image/anf/KIC_330-5012-00192-422_model2.jpg?policy=product-large
https://www.hollisterco.com/shop/us/p/straight-chino-pants-57207657?categoryId=12589&faceout=model&seq=04&pagefm=navigation-grid&prodvm=navigation-grid,STRAIGHT CHINO PANTS,https://img.hollisterco.com/is/image/anf/KIC_330-4096-0065-178_model2.jpg?policy=product-large
https://www.hollisterco.com/shop/us/p/relaxed-all-day-taper-pants-58874980?categoryId=12589&faceout=model&seq=01&pagefm=navigation-grid&prodvm=navigation-grid,RELAXED ALL-DAY TAPER PANTS,https://img.hollisterco.com/is/image/anf/KIC_330-5020-00185-178_model2.jpg?policy=product-large
https://www.hollisterco.com/shop/us/p/baggy-cargo-pull-on-pants-58344366?categoryId=12589&faceout=prod&seq=03&pagefm=navigation-grid&prodvm=navigation-grid,BAGGY CARGO PULL-ON PANTS,https://img.hollisterco.com/is/image/anf/KIC_330-4150-00126-178_model1.jpg?policy=product-large
https://www.hollisterco.com/shop/us/p/skinny-chino-pants-57207497?categoryId=12589&faceout=model&seq=02&pagefm=navigation-grid&prodvm=navigation-grid,SKINNY CHINO PANTS,https://img.hollisterco.com/is/image/anf/KIC_330-4072-0020-110_model1.jpg?policy=product-large
https://www.hollisterco.com/shop/us/p/baggy-camo-cargo-pull-on-pants-59033962?categoryId=12589&faceout=model&seq=01&pagefm=navigation-grid&prodvm=navigation-grid,BAGGY CAMO CARGO PULL-ON PANTS,https://img.hollisterco.com/is/image/anf/KIC_330-5038-00189-109_model2.jpg?policy=product-large
https://www.hollisterco.com/shop/us/p/washed-black-loose-jeans-58553332?categoryId=12589&faceout=model&seq=35&pagefm=navigation-grid&prodvm=navigation-grid,WASHED BLACK LOOSE JEANS,https://img.hollisterco.com/is/image/anf/KIC_331-4191-00202-977_model2.jpg?policy=product-large
https://www.hollisterco.com/shop/us/p/boot-jeans-59034128?categoryId=12589&faceout=model&seq=13&pagefm=navigation-grid&prodvm=navigation-grid,BOOTCUT JEANS,https://img.hollisterco.com/is/image/anf/KIC_331-5147-00011-278_model2.jpg?policy=product-large
https://www.hollisterco.com/shop/us/p/black-baggy-carpenter-jeans-58661001?categoryId=12589&faceout=model&seq=33&pagefm=navigation-grid&prodvm=navigation-grid,BLACK BAGGY CARPENTER JEANS,https://img.hollisterco.com/is/image/anf/KIC_331-5173-00203-977_model2.jpg?policy=product-large
https://www.hollisterco.com/shop/us/p/washed-black-slim-straight-jeans-57521463?categoryId=12589&faceout=model&seq=18&pagefm=navigation-grid&prodvm=navigation-grid,WASHED BLACK SLIM STRAIGHT JEANS,https://img.hollisterco.com/is/image/anf/KIC_331-4133-00027-977_model2.jpg?policy=product-large
https://www.hollisterco.com/shop/us/p/straight-chino-pants-57207353?categoryId=12589&faceout=model&seq=03&pagefm=navigation-grid&prodvm=navigation-grid,STRAIGHT CHINO PANTS,https://img.hollisterco.com/is/image/anf/KIC_330-4097-0062-900_model2.jpg?policy=product-large
https://www.hollisterco.com/shop/us/p/linen-blend-loose-pull-on-pants-59034494?categoryId=12589&faceout=model&seq=07&pagefm=navigation-grid&prodvm=navigation-grid,LINEN-BLEND LOOSE PULL-ON PANTS,https://img.hollisterco.com/is/image/anf/KIC_330-5000-00206-475_model2.jpg?policy=product-large
https://www.hollisterco.com/shop/us/p/baggy-cargo-pull-on-pants-58552964?categoryId=12589&faceout=model&seq=07&pagefm=navigation-grid&prodvm=navigation-grid,BAGGY CARGO PULL-ON PANTS,https://img.hollisterco.com/is/image/anf/KIC_330-4146-00122-200_model2.jpg?policy=product-large
https://www.hollisterco.com/shop/us/p/light-wash-loose-jeans-57207325?categoryId=12589&faceout=model&seq=25&pagefm=navigation-grid&prodvm=navigation-grid,,
https://www.hollisterco.com/shop/us/p/straight-chino-pants-57207360?categoryId=12589&faceout=model&seq=05&pagefm=navigation-grid&prodvm=navigation-grid,STRAIGHT CHINO PANTS,https://img.hollisterco.com/is/image/anf/KIC_330-4095-0060-410_model2.jpg?policy=product-large
https://www.hollisterco.com/shop/us/p/loose-chino-pants-57732894?categoryId=12589&faceout=model&seq=01&pagefm=navigation-grid&prodvm=navigation-grid,LOOSE PANTS,https://img.hollisterco.com/is/image/anf/KIC_330-4169-00108-200_model2.jpg?policy=product-large
https://www.hollisterco.com/shop/us/p/loose-carpenter-jeans-56198358?categoryId=12589&faceout=model&seq=02&pagefm=navigation-grid&prodvm=navigation-grid,LOOSE CARPENTER JEANS,https://img.hollisterco.com/is/image/anf/KIC_331-4312-0040-179_model2.jpg?policy=product-large
https://www.hollisterco.com/shop/us/p/loose-heavyweight-cargo-pants-57374938?categoryId=12589&faceout=model&seq=05&pagefm=navigation-grid&prodvm=navigation-grid,LOOSE HEAVYWEIGHT CARGO PANTS,https://img.hollisterco.com/is/image/anf/KIC_330-4115-00137-475_model2.jpg?policy=product-large
https://www.hollisterco.com/shop/us/p/dark-wash-loose-jeans-57195821?categoryId=12589&faceout=model&seq=21&pagefm=navigation-grid&prodvm=navigation-grid,DARK WASH LOOSE JEANS,https://img.hollisterco.com/is/image/anf/KIC_331-4147-00092-276_model2.jpg?policy=product-large
https://www.hollisterco.com/shop/us/p/straight-chino-pants-57207332?categoryId=12589&faceout=model&seq=02&pagefm=navigation-grid&prodvm=navigation-grid,STRAIGHT CHINO PANTS,https://img.hollisterco.com/is/image/anf/KIC_330-4093-0063-475_model2.jpg?policy=product-large
https://www.hollisterco.com/shop/us/p/baggy-chino-pants-59034047?categoryId=12589&faceout=model&seq=02&pagefm=navigation-grid&prodvm=navigation-grid,BAGGY CHINO PANTS,https://img.hollisterco.com/is/image/anf/KIC_330-5016-00205-900_model2.jpg?policy=product-large
https://www.hollisterco.com/shop/us/p/black-no-fade-straight-jeans-59233852?categoryId=12589&faceout=model&seq=21&pagefm=navigation-grid&prodvm=navigation-grid,BLACK NO FADE STRAIGHT JEANS,https://img.hollisterco.com/is/image/anf/KIC_331-5186-00209-975_model2.jpg?policy=product-large
https://www.hollisterco.com/shop/us/p/slim-straight-chino-pants-56897026?categoryId=12589&faceout=prod&seq=02&pagefm=navigation-grid&prodvm=navigation-grid,SLIM STRAIGHT CHINO PANTS,https://img.hollisterco.com/is/image/anf/KIC_330-4092-0124-900_prod2.jpg?policy=product-large
https://www.hollisterco.com/shop/us/p/camo-baggy-jeans-59350825?categoryId=12589&faceout=model&seq=52&afsource=social+proofing&pagefm=navigation-grid&prodvm=navigation-grid,CAMO BAGGY JEANS,https://img.hollisterco.com/is/image/anf/KIC_331-5189-00214-180_model2.jpg?policy=product-large
https://www.hollisterco.com/shop/us/p/skinny-chino-pants-57207468?categoryId=12589&faceout=model&seq=05&pagefm=navigation-grid&prodvm=navigation-grid,SKINNY CHINO PANTS,https://img.hollisterco.com/is/image/anf/KIC_330-4071-0019-476_model2.jpg?policy=product-large
https://www.hollisterco.com/shop/us/p/medium-wash-loose-jeans-59034346?categoryId=12589&faceout=model&seq=41&pagefm=navigation-grid&prodvm=navigation-grid,MEDIUM WASH LOOSE JEANS,https://img.hollisterco.com/is/image/anf/KIC_331-5044-00235-278_model2.jpg?policy=product-large
https://www.hollisterco.com/shop/us/p/dark-wash-baggy-jeans-57459825?categoryId=12589&faceout=model&seq=12&afsource=social+proofing&pagefm=navigation-grid&prodvm=navigation-grid,DARK WASH BAGGY JEANS,https://img.hollisterco.com/is/image/anf/KIC_331-4123-00110-276_model2.jpg?policy=product-large
https://www.hollisterco.com/shop/us/p/relaxed-twill-joggers-58603819?categoryId=12589&faceout=model&seq=16&pagefm=navigation-grid&prodvm=navigation-grid,RELAXED TWILL JOGGERS,https://img.hollisterco.com/is/image/anf/KIC_330-5044-00180-330_model2.jpg?policy=product-large
https://www.hollisterco.com/shop/us/p/linen-blend-loose-pull-on-pants-59034148?categoryId=12589&faceout=model&seq=02&pagefm=navigation-grid&prodvm=navigation-grid,LINEN-BLEND LOOSE PULL-ON PANTS,https://img.hollisterco.com/is/image/anf/KIC_330-5039-00196-205_model2.jpg?policy=product-large
https://www.hollisterco.com/shop/us/p/black-boot-jeans-50236422?categoryId=12589&faceout=model&seq=06&pagefm=navigation-grid&prodvm=navigation-grid,BLACK BOOTCUT JEANS,https://img.hollisterco.com/is/image/anf/KIC_331-2302-2778-975_model2.jpg?policy=product-large
https://www.hollisterco.com/shop/us/p/linen-blend-loose-pull-on-pants-59034130?categoryId=12589&faceout=model&seq=05&pagefm=navigation-grid&prodvm=navigation-grid,LINEN-BLEND LOOSE PULL-ON PANTS,https://img.hollisterco.com/is/image/anf/KIC_330-5040-00197-900_model2.jpg?policy=product-large
https://www.hollisterco.com/shop/us/p/dark-wash-baggy-painter-jeans-58875598?categoryId=12589&faceout=model&seq=38&pagefm=navigation-grid&prodvm=navigation-grid,DARK WASH BAGGY PAINTER JEANS,https://img.hollisterco.com/is/image/anf/KIC_331-5029-00238-276_model2.jpg?policy=product-large
https://www.hollisterco.com/shop/us/p/loose-chino-pants-57960959?categoryId=12589&faceout=model&seq=02&pagefm=navigation-grid&prodvm=navigation-grid,LOOSE PANTS,https://img.hollisterco.com/is/image/anf/KIC_330-4170-00107-476_model2.jpg?policy=product-large
https://www.hollisterco.com/shop/us/p/relaxed-twill-cargo-joggers-56898616?categoryId=12589&faceout=prod&seq=27&pagefm=navigation-grid&prodvm=navigation-grid,RELAXED TWILL CARGO JOGGERS,https://img.hollisterco.com/is/image/anf/KIC_330-4107-0126-110_prod2.jpg?policy=product-large
https://www.hollisterco.com/shop/us/p/washed-black-loose-carpenter-jeans-58875521?categoryId=12589&faceout=model&seq=37&pagefm=navigation-grid&prodvm=navigation-grid,WASHED BLACK LOOSE CARPENTER JEANS,https://img.hollisterco.com/is/image/anf/KIC_331-4116-00100-977_model2.jpg?policy=product-large
https://www.hollisterco.com/shop/us/p/washed-black-embroidered-snake-baggy-skater-jeans-59517760?categoryId=12589&faceout=model&seq=05&pagefm=navigation-grid&prodvm=navigation-grid,WASHED BLACK EMBROIDERED SNAKE BAGGY SKATER JEANS,https://img.hollisterco.com/is/image/anf/KIC_331-5204-00303-977_model2.jpg?policy=product-large
https://www.hollisterco.com/shop/us/p/baggy-pull-on-cargo-pants-59503547?categoryId=12589&faceout=model&seq=05&pagefm=navigation-grid&prodvm=navigation-grid,BAGGY PULL-ON CARGO PANTS,https://img.hollisterco.com/is/image/anf/KIC_330-5083-00249-900_model2.jpg?policy=product-large
https://www.hollisterco.com/shop/us/p/washed-black-straight-jeans-59233869?categoryId=12589&faceout=model&seq=22&pagefm=navigation-grid&prodvm=navigation-grid,WASHED BLACK STRAIGHT JEANS,https://img.hollisterco.com/is/image/anf/KIC_331-5089-00243-977_model2.jpg?policy=product-large
https://www.hollisterco.com/shop/us/p/light-wash-boot-jeans-59034192?categoryId=12589&faceout=model&seq=01&pagefm=navigation-grid&prodvm=navigation-grid,LIGHT WASH BOOTCUT JEANS,https://img.hollisterco.com/is/image/anf/KIC_331-5099-00009-278_model2.jpg?policy=product-large
https://www.hollisterco.com/shop/us/p/linen-blend-flex-waist-baggy-pants-59034211?categoryId=12589&faceout=model&seq=07&pagefm=navigation-grid&prodvm=navigation-grid,LINEN-BLEND FLEX-WAIST BAGGY PANTS,https://img.hollisterco.com/is/image/anf/KIC_330-5006-00190-178_model2.jpg?policy=product-large
https://www.hollisterco.com/shop/us/p/baggy-pull-on-cargo-pants-59503536?categoryId=12589&faceout=model&seq=04&pagefm=navigation-grid&prodvm=navigation-grid,BAGGY PULL-ON CARGO PANTS,https://img.hollisterco.com/is/image/anf/KIC_330-5080-00246-475_model2.jpg?policy=product-large
https://www.hollisterco.com/shop/us/p/straight-chino-pants-57207452?categoryId=12589&faceout=model&seq=01&pagefm=navigation-grid&prodvm=navigation-grid,STRAIGHT CHINO PANTS,https://img.hollisterco.com/is/image/anf/KIC_330-4094-0064-330_model1.jpg?policy=product-large
https://www.hollisterco.com/shop/us/p/baggy-jeans-58861203?categoryId=12589&faceout=model&seq=44&pagefm=navigation-grid&prodvm=navigation-grid,BAGGY JEANS,https://img.hollisterco.com/is/image/anf/KIC_331-5000-00157-477_model2.jpg?policy=product-large
https://www.hollisterco.com/shop/us/p/baggy-chino-pants-59034048?categoryId=12589&faceout=model&seq=01&pagefm=navigation-grid&prodvm=navigation-grid,BAGGY CHINO PANTS,https://img.hollisterco.com/is/image/anf/KIC_330-5017-00204-476_model2.jpg?policy=product-large
https://www.hollisterco.com/shop/us/p/slim-straight-chino-pants-59033956?categoryId=12589&faceout=model&seq=08&pagefm=navigation-grid&prodvm=navigation-grid,SLIM STRAIGHT CHINO PANTS,https://img.hollisterco.com/is/image/anf/KIC_330-4177-00128-475_model2.jpg?policy=product-large
https://www.hollisterco.com/shop/us/p/linen-blend-loose-pull-on-pants-59163623?categoryId=12589&faceout=model&seq=08&pagefm=navigation-grid&prodvm=navigation-grid,LINEN-BLEND LOOSE PULL-ON PANTS,https://img.hollisterco.com/is/image/anf/KIC_330-5013-00200-202_model2.jpg?policy=product-large
https://www.hollisterco.com/shop/us/p/black-super-baggy-jeans-58875587?categoryId=12589&faceout=model&seq=06&afsource=social+proofing&pagefm=navigation-grid&prodvm=navigation-grid,BLACK SUPER BAGGY JEANS,https://img.hollisterco.com/is/image/anf/KIC_331-5090-00239-975_model2.jpg?policy=product-large
https://www.hollisterco.com/shop/us/p/light-wash-embroidered-dice-baggy-skater-jeans-59517748?categoryId=12589&faceout=model&seq=04&pagefm=navigation-grid&prodvm=navigation-grid,LIGHT WASH EMBROIDERED DICE BAGGY SKATER JEANS,https://img.hollisterco.com/is/image/anf/KIC_331-5194-00223-280_model2.jpg?policy=product-large
https://www.hollisterco.com/shop/us/p/linen-blend-flex-waist-baggy-pants-59034220?categoryId=12589&faceout=model&seq=10&pagefm=navigation-grid&prodvm=navigation-grid,LINEN-BLEND FLEX-WAIST BAGGY PANTS,https://img.hollisterco.com/is/image/anf/KIC_330-5007-00191-102_model2.jpg?policy=product-large
https://www.hollisterco.com/shop/us/p/overdye-straight-jeans-58660991?categoryId=12589&faceout=model&seq=20&pagefm=navigation-grid&prodvm=navigation-grid,OVERDYE STRAIGHT JEANS,https://img.hollisterco.com/is/image/anf/KIC_331-5187-00208-477_model2.jpg?policy=product-large
https://www.hollisterco.com/shop/us/p/dark-wash-baggy-jeans-58875870?categoryId=12589&faceout=model&seq=50&afsource=social+proofing&pagefm=navigation-grid&prodvm=navigation-grid,DARK WASH BAGGY JEANS,https://img.hollisterco.com/is/image/anf/KIC_331-5018-00242-278_model2.jpg?policy=product-large
https://www.hollisterco.com/shop/us/p/baggy-camo-cargo-pull-on-pants-58344392?categoryId=12589&faceout=prod&seq=08&pagefm=navigation-grid&prodvm=navigation-grid,BAGGY CAMO CARGO PULL-ON PANTS,https://img.hollisterco.com/is/image/anf/KIC_330-4151-00127-429_model1.jpg?policy=product-large
https://www.hollisterco.com/shop/us/p/slim-straight-jeans-59034258?categoryId=12589&faceout=model&seq=24&pagefm=navigation-grid&prodvm=navigation-grid,SLIM STRAIGHT JEANS,https://img.hollisterco.com/is/image/anf/KIC_331-5082-00029-179_model2.jpg?policy=product-large
https://www.hollisterco.com/shop/us/p/medium-wash-wolf-graphic-super-baggy-jeans-59173571?categoryId=12589&faceout=model&seq=16&afsource=social+proofing&pagefm=navigation-grid&prodvm=navigation-grid,MEDIUM WASH WOLF GRAPHIC SUPER BAGGY JEANS,https://img.hollisterco.com/is/image/anf/KIC_331-5196-00225-278_model2.jpg?policy=product-large
https://www.hollisterco.com/shop/us/p/washed-black-super-baggy-jeans-59299319?categoryId=12589&faceout=life&seq=17&afsource=social+proofing&pagefm=navigation-grid&prodvm=navigation-grid,WASHED BLACK SUPER BAGGY JEANS,https://img.hollisterco.com/is/image/anf/KIC_331-5193-00222-280_prod1.jpg?policy=product-large
https://www.hollisterco.com/shop/us/p/light-wash-baggy-jeans-59528448?categoryId=12589&faceout=model&seq=54&pagefm=navigation-grid&prodvm=navigation-grid,LIGHT WASH BAGGY JEANS,https://img.hollisterco.com/is/image/anf/KIC_331-5190-00296-280_model2.jpg?policy=product-large
https://www.hollisterco.com/shop/us/p/medium-wash-baggy-jeans-59163734?categoryId=12589&faceout=model&seq=51&afsource=social+proofing&pagefm=navigation-grid&prodvm=navigation-grid,MEDIUM WASH BAGGY JEANS,https://img.hollisterco.com/is/image/anf/KIC_331-5011-00233-276_model2.jpg?policy=product-large
https://www.hollisterco.com/shop/us/p/light-wash-baggy-skater-jeans-59508958?categoryId=12589&faceout=model&seq=03&pagefm=navigation-grid&prodvm=navigation-grid,LIGHT WASH BAGGY SKATER JEANS,https://img.hollisterco.com/is/image/anf/KIC_331-5184-00220-280_model2.jpg?policy=product-large
https://www.hollisterco.com/shop/us/p/linen-blend-loose-pull-on-pants-59034133?categoryId=12589&faceout=model&seq=03&pagefm=navigation-grid&prodvm=navigation-grid,LINEN-BLEND LOOSE PULL-ON PANTS,https://img.hollisterco.com/is/image/anf/KIC_330-5014-00198-112_model2.jpg?policy=product-large
https://www.hollisterco.com/shop/us/p/linen-blend-flex-waist-baggy-pants-59517422?categoryId=12589&faceout=model&seq=04&pagefm=navigation-grid&prodvm=navigation-grid,LINEN-BLEND FLEX WAIST BAGGY PANTS,https://img.hollisterco.com/is/image/anf/KIC_330-5061-00258-900_model2.jpg?policy=product-large
https://www.hollisterco.com/shop/us/p/baggy-pull-on-cargo-pants-59503524?categoryId=12589&faceout=model&seq=01&pagefm=navigation-grid&prodvm=navigation-grid,BAGGY PULL-ON CARGO PANTS,https://img.hollisterco.com/is/image/anf/KIC_330-5082-00248-330_model2.jpg?policy=product-large
https://www.hollisterco.com/shop/us/p/baggy-painter-jeans-57391329?categoryId=12589&faceout=model&seq=06&afsource=social+proofing&pagefm=navigation-grid&prodvm=navigation-grid,BAGGY PAINTER JEANS,https://img.hollisterco.com/is/image/anf/KIC_331-4171-00103-178_model2.jpg?policy=product-large
https://www.hollisterco.com/shop/us/p/baggy-jeans-58860835?categoryId=12589&faceout=model&seq=39&pagefm=navigation-grid&prodvm=navigation-grid,BAGGY JEANS,https://img.hollisterco.com/is/image/anf/KIC_331-5027-00153-179_model2.jpg?policy=product-large
https://www.hollisterco.com/shop/us/p/baggy-pull-on-cargo-pants-59503540?categoryId=12589&faceout=model&seq=03&pagefm=navigation-grid&prodvm=navigation-grid,BAGGY PULL-ON CARGO PANTS,https://img.hollisterco.com/is/image/anf/KIC_330-5081-00247-110_model2.jpg?policy=product-large
https://www.hollisterco.com/shop/us/p/loose-carpenter-jeans-58875461?categoryId=12589&faceout=model&seq=39&pagefm=navigation-grid&prodvm=navigation-grid,LOOSE CARPENTER JEANS,https://img.hollisterco.com/is/image/anf/KIC_331-5075-00164-477_model2.jpg?policy=product-large
https://www.hollisterco.com/shop/us/p/baggy-utility-pants-58660924?categoryId=12589&faceout=model&seq=45&pagefm=navigation-grid&prodvm=navigation-grid,BAGGY UTILITY PANTS,https://img.hollisterco.com/is/image/anf/KIC_330-4184-00176-110_model2.jpg?policy=product-large
https://www.hollisterco.com/shop/us/p/linen-blend-flex-waist-baggy-pants-59034215?categoryId=12589&faceout=model&seq=08&pagefm=navigation-grid&prodvm=navigation-grid,LINEN-BLEND FLEX-WAIST BAGGY PANTS,https://img.hollisterco.com/is/image/anf/KIC_330-5001-00207-300_model2.jpg?policy=product-large
https://www.hollisterco.com/shop/us/p/washed-black-baggy-skater-jeans-59503385?categoryId=12589&faceout=model&seq=01&pagefm=navigation-grid&prodvm=navigation-grid,WASHED BLACK BAGGY SKATER JEANS,https://img.hollisterco.com/is/image/anf/KIC_331-5183-00248-977_model2.jpg?policy=product-large
https://www.hollisterco.com/shop/us/p/dark-wash-baggy-skater-jeans-59517761?categoryId=12589&faceout=model&seq=06&pagefm=navigation-grid&prodvm=navigation-grid,DARK WASH BAGGY SKATER JEANS,https://img.hollisterco.com/is/image/anf/KIC_331-5241-00304-276_model2.jpg?policy=product-large
https://www.hollisterco.com/shop/us/p/baggy-track-pants-58875180?categoryId=12589&faceout=life&seq=04&pagefm=navigation-grid&prodvm=navigation-grid,BAGGY TRACK PANTS,https://img.hollisterco.com/is/image/anf/KIC_330-5046-00187-300_model1.jpg?policy=product-large
https://www.hollisterco.com/shop/us/p/light-wash-baggy-jeans-58875582?categoryId=12589&faceout=model&seq=40&pagefm=navigation-grid&prodvm=navigation-grid,LIGHT WASH BAGGY JEANS,https://img.hollisterco.com/is/image/anf/KIC_331-5017-00232-280_model2.jpg?policy=product-large
https://www.hollisterco.com/shop/us/p/loose-jeans-57374628?categoryId=12589&faceout=model&seq=20&pagefm=navigation-grid&prodvm=navigation-grid,LOOSE JEANS,https://img.hollisterco.com/is/image/anf/KIC_331-4148-00076-400_model2.jpg?policy=product-large
https://www.hollisterco.com/shop/us/p/baggy-pull-on-cargo-pants-59503529?categoryId=12589&faceout=model&seq=02&pagefm=navigation-grid&prodvm=navigation-grid,BAGGY PULL-ON CARGO PANTS,https://img.hollisterco.com/is/image/anf/KIC_330-5084-00250-338_model2.jpg?policy=product-large
https://www.hollisterco.com/shop/us/p/dark-wash-relaxed-boot-jeans-59375858?categoryId=12589&faceout=model&seq=16&pagefm=navigation-grid&prodvm=navigation-grid,DARK WASH RELAXED BOOT JEANS,https://img.hollisterco.com/is/image/anf/KIC_331-5212-00016-276_model2.jpg?policy=product-large
https://www.hollisterco.com/shop/us/p/linen-blend-flex-waist-baggy-pants-59517415?categoryId=12589&faceout=model&seq=05&pagefm=navigation-grid&prodvm=navigation-grid,LINEN-BLEND FLEX WAIST BAGGY PANTS,https://img.hollisterco.com/is/image/anf/KIC_330-5060-00257-475_model2.jpg?policy=product-large
https://www.hollisterco.com/shop/us/p/camo-super-baggy-jeans-58875874?categoryId=12589&faceout=model&seq=09&afsource=social+proofing&pagefm=navigation-grid&prodvm=navigation-grid,CAMO SUPER BAGGY JEANS,https://img.hollisterco.com/is/image/anf/KIC_331-5094-00166-380_model2.jpg?policy=product-large
https://www.hollisterco.com/shop/us/p/medium-wash-boot-jeans-57608321?categoryId=12589&faceout=model&seq=09&pagefm=navigation-grid&prodvm=navigation-grid,MEDIUM WASH BOOTCUT JEANS,https://img.hollisterco.com/is/image/anf/KIC_331-4109-00004-278_model2.jpg?policy=product-large
https://www.hollisterco.com/shop/us/p/linen-blend-camo-baggy-pants-59508827?categoryId=12589&faceout=model&seq=01&pagefm=navigation-grid&prodvm=navigation-grid,LINEN-BLEND CAMO BAGGY PANTS,https://img.hollisterco.com/is/image/anf/KIC_330-5075-00251-338_model2.jpg?policy=product-large
https://www.hollisterco.com/shop/us/p/greased-medium-wash-baggy-skater-jeans-59393863?categoryId=12589&faceout=life&seq=01&pagefm=navigation-grid&prodvm=navigation-grid,GREASED MEDIUM WASH BAGGY SKATER JEANS,https://img.hollisterco.com/is/image/anf/KIC_331-5208-00298-278_model1.jpg?policy=product-large
https://www.hollisterco.com/shop/us/p/washed-black-relaxed-boot-jeans-59375857?categoryId=12589&faceout=model&seq=17&pagefm=navigation-grid&prodvm=navigation-grid,WASHED BLACK RELAXED BOOT JEANS,https://img.hollisterco.com/is/image/anf/KIC_331-5210-00014-977_model2.jpg?policy=product-large
https://www.hollisterco.com/shop/us/p/medium-wash-relaxed-bootcut-jeans-59375853?categoryId=12589&faceout=model&seq=15&pagefm=navigation-grid&prodvm=navigation-grid,MEDIUM WASH RELAXED BOOTCUT JEANS,https://img.hollisterco.com/is/image/anf/KIC_331-5211-00015-278_model2.jpg?policy=product-large
https://www.hollisterco.com/shop/us/p/washed-black-paint-splatter-baggy-skater-jeans-59393864?categoryId=12589&faceout=life&seq=02&pagefm=navigation-grid&prodvm=navigation-grid,WASHED BLACK PAINT SPLATTER BAGGY SKATER JEANS,https://img.hollisterco.com/is/image/anf/KIC_331-5207-00297-977_model1.jpg?policy=product-large
https://www.hollisterco.com/shop/us/p/washed-black-loose-jeans-57460821?categoryId=12589&faceout=model&seq=28&pagefm=navigation-grid&prodvm=navigation-grid,WASHED BLACK LOOSE JEANS,https://img.hollisterco.com/is/image/anf/KIC_331-4169-00115-977_model2.jpg?policy=product-large
https://www.hollisterco.com/shop/us/p/linen-blend-flex-waist-baggy-pants-59517416?categoryId=12589&faceout=model&seq=03&pagefm=navigation-grid&prodvm=navigation-grid,LINEN-BLEND FLEX WAIST BAGGY PANTS,https://img.hollisterco.com/is/image/anf/KIC_330-5073-00259-113_model2.jpg?policy=product-large
https://www.hollisterco.com/shop/us/p/railroad-stripe-baggy-painter-jeans-58861451?categoryId=12589&faceout=model&seq=01&afsource=social+proofing&pagefm=navigation-grid&prodvm=navigation-grid,RAILROAD STRIPE BAGGY PAINTER JEANS,https://img.hollisterco.com/is/image/anf/KIC_331-5036-00173-175_model2.jpg?policy=product-large
https://www.hollisterco.com/shop/us/p/medium-wash-baggy-skater-jeans-59503603?categoryId=12589&faceout=model&seq=02&pagefm=navigation-grid&prodvm=navigation-grid,MEDIUM WASH BAGGY SKATER JEANS,https://img.hollisterco.com/is/image/anf/KIC_331-5182-00219-278_model2.jpg?policy=product-large
https://www.hollisterco.com/shop/us/p/dark-wash-boot-jeans-59034187?categoryId=12589&faceout=model&seq=11&pagefm=navigation-grid&prodvm=navigation-grid,DARK WASH BOOTCUT JEANS,https://img.hollisterco.com/is/image/anf/KIC_331-5098-00008-275_model2.jpg?policy=product-large
https://www.hollisterco.com/shop/us/p/washed-black-baggy-jeans-58799539?categoryId=12589&faceout=model&seq=36&pagefm=navigation-grid&prodvm=navigation-grid,WASHED BLACK BAGGY JEANS,https://img.hollisterco.com/is/image/anf/KIC_331-5024-00234-977_model2.jpg?policy=product-large
https://www.hollisterco.com/shop/us/p/baggy-carpenter-pants-58398536?categoryId=12589&faceout=model&seq=30&pagefm=navigation-grid&prodvm=navigation-grid,BAGGY CARPENTER PANTS,https://img.hollisterco.com/is/image/anf/KIC_330-4183-00132-120_model2.jpg?policy=product-large
https://www.hollisterco.com/shop/us/p/linen-blend-flex-waist-baggy-pants-59034218?categoryId=12589&faceout=model&seq=09&pagefm=navigation-grid&prodvm=navigation-grid,LINEN-BLEND FLEX-WAIST BAGGY PANTS,https://img.hollisterco.com/is/image/anf/KIC_330-5005-00194-132_model2.jpg?policy=product-large
https://www.hollisterco.com/shop/us/p/medium-wash-seamed-super-baggy-jeans-59528361?categoryId=12589&faceout=model&seq=20&afsource=social+proofing&pagefm=navigation-grid&prodvm=navigation-grid,MEDIUM WASH SEAMED SUPER BAGGY JEANS,https://img.hollisterco.com/is/image/anf/KIC_331-5274-00309-278_model2.jpg?policy=product-large
https://www.hollisterco.com/shop/us/p/washed-grey-loose-jeans-58874826?categoryId=12589&faceout=model&seq=40&pagefm=navigation-grid&prodvm=navigation-grid,WASHED GREY LOOSE JEANS,https://img.hollisterco.com/is/image/anf/KIC_331-5055-00159-179_model2.jpg?policy=product-large
https://www.hollisterco.com/shop/us/p/baggy-carpenter-jeans-59517777?categoryId=12589&faceout=model&seq=55&pagefm=navigation-grid&prodvm=navigation-grid,BAGGY CARPENTER JEANS,https://img.hollisterco.com/is/image/anf/KIC_331-5242-00306-477_model2.jpg?policy=product-large
https://www.hollisterco.com/shop/us/p/medium-wash-seamed-super-baggy-jeans-59528360?categoryId=12589&faceout=model&seq=19&afsource=social+proofing&pagefm=navigation-grid&prodvm=navigation-grid,MEDIUM WASH SEAMED SUPER BAGGY JEANS,https://img.hollisterco.com/is/image/anf/KIC_331-5275-00310-280_model2.jpg?policy=product-large
https://www.hollisterco.com/shop/us/p/medium-wash-nyc-graphic-super-baggy-jeans-59371319?categoryId=12589&faceout=life&seq=11&afsource=social+proofing&pagefm=navigation-grid&prodvm=navigation-grid,MEDIUM WASH NYC GRAPHIC SUPER BAGGY JEANS,https://img.hollisterco.com/is/image/anf/KIC_331-5206-00302-278_prod2.jpg?policy=product-large
https://www.hollisterco.com/shop/us/p/medium-wash-loose-carpenter-jeans-59503604?categoryId=12589&faceout=model&seq=42&pagefm=navigation-grid&prodvm=navigation-grid,MEDIUM WASH LOOSE CARPENTER JEANS,https://img.hollisterco.com/is/image/anf/KIC_331-5185-00221-278_model2.jpg?policy=product-large
https://www.hollisterco.com/shop/us/p/black-seamed-super-baggy-jeans-59528365?categoryId=12589&faceout=model&seq=18&afsource=social+proofing&pagefm=navigation-grid&prodvm=navigation-grid,BLACK SEAMED SUPER BAGGY JEANS,https://img.hollisterco.com/is/image/anf/KIC_331-5273-00308-977_model2.jpg?policy=product-large
https://www.hollisterco.com/shop/us/p/medium-wash-super-baggy-jeans-58799572?categoryId=12589&faceout=model&seq=03&afsource=social+proofing&pagefm=navigation-grid&prodvm=navigation-grid,MEDIUM WASH SUPER BAGGY JEANS,https://img.hollisterco.com/is/image/anf/KIC_331-5192-00216-278_model2.jpg?policy=product-large
https://www.hollisterco.com/shop/us/p/linen-blend-flex-waist-baggy-pants-59517412?categoryId=12589&faceout=model&seq=06&pagefm=navigation-grid&prodvm=navigation-grid,LINEN-BLEND FLEX WAIST BAGGY PANTS,https://img.hollisterco.com/is/image/anf/KIC_330-5059-00256-202_model2.jpg?policy=product-large
https://www.hollisterco.com/shop/us/p/light-wash-seamed-super-baggy-jeans-59528366?categoryId=12589&faceout=model&seq=21&afsource=social+proofing&pagefm=navigation-grid&prodvm=navigation-grid,LIGHT WASH SEAMED SUPER BAGGY JEANS,https://img.hollisterco.com/is/image/anf/KIC_331-5276-00311-280_model2.jpg?policy=product-large
https://www.hollisterco.com/shop/us/p/camo-baggy-painter-jeans-58799567?categoryId=12589&faceout=model&seq=37&afsource=social+proofing&pagefm=navigation-grid&prodvm=navigation-grid,CAMO BAGGY PAINTER JEANS,https://img.hollisterco.com/is/image/anf/KIC_331-4187-00179-380_model2.jpg?policy=product-large
https://www.hollisterco.com/shop/us/p/super-baggy-cargo-pants-59517425?categoryId=12589&faceout=model&seq=09&pagefm=navigation-grid&prodvm=navigation-grid,SUPER BAGGY CARGO PANTS,https://img.hollisterco.com/is/image/anf/KIC_330-5066-00243-330_model2.jpg?policy=product-large
https://www.hollisterco.com/shop/us/p/black-no-fade-athletic-skinny-jeans-50716425?categoryId=12589&faceout=prod&seq=33&afsource=social+proofing&pagefm=navigation-grid&prodvm=navigation-grid,BLACK NO FADE ATHLETIC SKINNY JEANS,https://img.hollisterco.com/is/image/anf/KIC_331-1528-2845-975_prod2.jpg?policy=product-large
https://www.hollisterco.com/shop/us/p/super-baggy-camo-cargo-pants-58656066?categoryId=12589&faceout=model&seq=04&afsource=social+proofing&pagefm=navigation-grid&prodvm=navigation-grid,SUPER BAGGY CAMO CARGO PANTS,https://img.hollisterco.com/is/image/anf/KIC_330-5030-00203-180_model2.jpg?policy=product-large
https://www.hollisterco.com/shop/us/p/light-wash-athletic-skinny-jeans-53280018?categoryId=12589&faceout=model&seq=30&pagefm=navigation-grid&prodvm=navigation-grid,LIGHT WASH ATHLETIC SKINNY JEANS,https://img.hollisterco.com/is/image/anf/KIC_331-3158-3019-280_model2.jpg?policy=product-large
https://www.hollisterco.com/shop/us/p/dark-wash-slim-straight-jeans-50236418?categoryId=12589&faceout=model&seq=17&pagefm=navigation-grid&prodvm=navigation-grid,DARK WASH SLIM STRAIGHT JEANS,https://img.hollisterco.com/is/image/anf/KIC_331-2134-2833-276_model2.jpg?policy=product-large
https://www.hollisterco.com/shop/us/p/super-baggy-cargo-pants-58655999?categoryId=12589&faceout=model&seq=05&pagefm=navigation-grid&prodvm=navigation-grid,SUPER BAGGY CARGO PANTS,https://img.hollisterco.com/is/image/anf/KIC_330-5031-00202-900_model2.jpg?policy=product-large
https://www.hollisterco.com/shop/us/p/advanced-stretch-slim-straight-no-fade-jeans-12357990?categoryId=12589&faceout=model&seq=09&pagefm=navigation-grid&prodvm=navigation-grid,BLACK NO FADE SLIM STRAIGHT JEANS,https://img.hollisterco.com/is/image/anf/KIC_331-8100-1718-975_model2.jpg?policy=product-large
https://www.hollisterco.com/shop/us/p/hollister-epic-flex-slim-straight-jeans-7503124?categoryId=12589&faceout=model&seq=12&pagefm=navigation-grid&prodvm=navigation-grid,DARK WASH SLIM STRAIGHT JEANS,https://img.hollisterco.com/is/image/anf/KIC_331-6104-0978-276_model2.jpg?policy=product-large
https://www.hollisterco.com/shop/us/p/relaxed-twill-cargo-joggers-57733023?categoryId=12589&faceout=model&seq=11&pagefm=navigation-grid&prodvm=navigation-grid,RELAXED TWILL CARGO JOGGERS,https://img.hollisterco.com/is/image/anf/KIC_330-4131-00139-330_model2.jpg?policy=product-large
https://www.hollisterco.com/shop/us/p/slim-straight-chino-pants-57207531?categoryId=12589&faceout=model&seq=01&pagefm=navigation-grid&prodvm=navigation-grid,SLIM STRAIGHT CHINO PANTS,https://img.hollisterco.com/is/image/anf/KIC_330-4132-00126-476_model2.jpg?policy=product-large
https://www.hollisterco.com/shop/us/p/dark-wash-athletic-skinny-jeans-52234350?categoryId=12589&faceout=model&seq=06&pagefm=navigation-grid&prodvm=navigation-grid,DARK WASH ATHLETIC SKINNY JEANS,https://img.hollisterco.com/is/image/anf/KIC_331-3500-2914-276_model2.jpg?policy=product-large
https://www.hollisterco.com/shop/us/p/relaxed-twill-joggers-57374864?categoryId=12589&faceout=model&seq=01&pagefm=navigation-grid&prodvm=navigation-grid,RELAXED TWILL JOGGERS,https://img.hollisterco.com/is/image/anf/KIC_330-4134-00138-476_model2.jpg?policy=product-large
https://www.hollisterco.com/shop/us/p/slim-straight-jeans-58553165?categoryId=12589&faceout=model&seq=01&pagefm=navigation-grid&prodvm=navigation-grid,SLIM STRAIGHT JEANS,https://img.hollisterco.com/is/image/anf/KIC_331-4170-00028-475_model2.jpg?policy=product-large
https://www.hollisterco.com/shop/us/p/dark-medium-wash-skinny-jeans-57374411?categoryId=12589&faceout=model&seq=02&pagefm=navigation-grid&prodvm=navigation-grid,DARK MEDIUM WASH SKINNY JEANS,https://img.hollisterco.com/is/image/anf/KIC_331-4119-00018-278_model2.jpg?policy=product-large
https://www.hollisterco.com/shop/us/p/relaxed-twill-joggers-56907355?categoryId=12589&faceout=model&seq=11&pagefm=navigation-grid&prodvm=navigation-grid,RELAXED TWILL JOGGERS,https://img.hollisterco.com/is/image/anf/KIC_330-4069-0104-110_model2.jpg?policy=product-large
https://www.hollisterco.com/shop/us/p/light-wash-skinny-jeans-58552887?categoryId=12589&faceout=model&seq=06&pagefm=navigation-grid&prodvm=navigation-grid,LIGHT WASH SKINNY JEANS,https://img.hollisterco.com/is/image/anf/KIC_331-4184-00022-280_model2.jpg?policy=product-large
https://www.hollisterco.com/shop/us/p/relaxed-twill-joggers-57374518?categoryId=12589&faceout=model&seq=13&pagefm=navigation-grid&prodvm=navigation-grid,RELAXED TWILL JOGGERS,https://img.hollisterco.com/is/image/anf/KIC_330-4067-00120-178_model2.jpg?policy=product-large
https://www.hollisterco.com/shop/us/p/skinny-chino-pants-57608320?categoryId=12589&faceout=prod&seq=01&pagefm=navigation-grid&prodvm=navigation-grid,SKINNY CHINO PANTS,https://img.hollisterco.com/is/image/anf/KIC_330-4133-0717-475_model1.jpg?policy=product-large
https://www.hollisterco.com/shop/us/p/relaxed-twill-joggers-56898419?categoryId=12589&faceout=prod&seq=15&pagefm=navigation-grid&prodvm=navigation-grid,RELAXED TWILL JOGGERS,https://img.hollisterco.com/is/image/anf/KIC_330-4066-0105-200_prod2.jpg?policy=product-large
https://www.hollisterco.com/shop/us/p/skinny-chino-pants-55258488?categoryId=12589&faceout=model&seq=17&pagefm=navigation-grid&prodvm=navigation-grid,SKINNY CHINO PANTS,https://img.hollisterco.com/is/image/anf/KIC_330-4005-0007-330_model2.jpg?policy=product-large
https://www.hollisterco.com/shop/us/p/relaxed-twill-joggers-56898698?categoryId=12589&faceout=prod&seq=04&pagefm=navigation-grid&prodvm=navigation-grid,RELAXED TWILL JOGGERS,https://img.hollisterco.com/is/image/anf/KIC_330-4068-00122-400_prod2.jpg?policy=product-large
https://www.hollisterco.com/shop/us/p/relaxed-taper-pants-58655831?categoryId=12589&faceout=model&seq=03&pagefm=navigation-grid&prodvm=navigation-grid,,
https://www.hollisterco.com/shop/us/p/low-rise-dark-wash-baggy-jeans-57014819?categoryId=12623&faceout=model&seq=02&afsource=social+proofing&pagefm=navigation-grid&prodvm=navigation-grid,LOW-RISE DARK WASH BAGGY JEANS,https://img.hollisterco.com/is/image/anf/KIC_355-4373-00227-278_model2.jpg?policy=product-large
https://www.hollisterco.com/shop/us/p/high-rise-dark-wash-super-skinny-jeans-57374345?categoryId=12623&faceout=model&seq=31&pagefm=navigation-grid&prodvm=navigation-grid,HIGH-RISE DARK WASH SUPER SKINNY JEANS,https://img.hollisterco.com/is/image/anf/KIC_355-4258-0012-276_model2.jpg?policy=product-large
https://www.hollisterco.com/shop/us/p/low-rise-medium-wash-boot-jeans-55250824?categoryId=12623&faceout=model&seq=11&pagefm=navigation-grid&prodvm=navigation-grid,LOW-RISE MEDIUM WASH BOOT JEANS,https://img.hollisterco.com/is/image/anf/KIC_355-3262-0786-278_model1.jpg?policy=product-large
https://www.hollisterco.com/shop/us/p/low-rise-ripped-medium-wash-baggy-jeans-57014826?categoryId=12623&faceout=life&seq=15&afsource=social+proofing&pagefm=navigation-grid&prodvm=navigation-grid,LOW-RISE MEDIUM WASH BAGGY JEANS,https://img.hollisterco.com/is/image/anf/KIC_355-4374-00280-278_model1.jpg?policy=product-large
https://www.hollisterco.com/shop/us/p/low-rise-medium-wash-super-baggy-jeans-59053333?categoryId=12623&faceout=model&seq=04&afsource=social+proofing&pagefm=navigation-grid&prodvm=navigation-grid,LOW-RISE MEDIUM WASH SUPER BAGGY JEANS,https://img.hollisterco.com/is/image/anf/KIC_355-5320-00475-278_model2.jpg?policy=product-large
https://www.hollisterco.com/shop/us/p/mid-rise-black-boot-jeans-55250820?categoryId=12623&faceout=model&seq=04&pagefm=navigation-grid&prodvm=navigation-grid,MID-RISE BLACK BOOT JEANS,https://img.hollisterco.com/is/image/anf/KIC_355-1276-0882-900_model2.jpg?policy=product-large
https://www.hollisterco.com/shop/us/p/curvy-high-rise-flare-jeans-50419711?categoryId=12623&faceout=model&seq=02&pagefm=navigation-grid&prodvm=navigation-grid,,
https://www.hollisterco.com/shop/us/p/high-rise-dark-wash-flare-jeans-55250828?categoryId=12623&faceout=model&seq=01&pagefm=navigation-grid&prodvm=navigation-grid,,
https://www.hollisterco.com/shop/us/p/high-rise-medium-wash-straight-jeans-59053331?categoryId=12623&faceout=model&seq=02&pagefm=navigation-grid&prodvm=navigation-grid,,
https://www.hollisterco.com/shop/us/p/low-rise-dark-wash-relaxed-straight-jeans-57374735?categoryId=12623&faceout=model&seq=03&pagefm=navigation-grid&prodvm=navigation-grid,,
https://www.hollisterco.com/shop/us/p/mid-rise-dark-wash-boot-jeans-59034039?categoryId=12623&faceout=model&seq=01&pagefm=navigation-grid&prodvm=navigation-grid,,
https://www.hollisterco.com/shop/us/p/low-rise-medium-wash-baggy-jeans-59053337?categoryId=12623&faceout=model&seq=23&pagefm=navigation-grid&prodvm=navigation-grid,LOW-RISE MEDIUM WASH BAGGY JEANS,https://img.hollisterco.com/is/image/anf/KIC_355-5313-00509-278_model2.jpg?policy=product-large
https://www.hollisterco.com/shop/us/p/low-rise-medium-wash-baggy-jeans-59053358?categoryId=12623&faceout=model&seq=05&afsource=social+proofing&pagefm=navigation-grid&prodvm=navigation-grid,LOW-RISE MEDIUM WASH BAGGY JEANS,https://img.hollisterco.com/is/image/anf/KIC_355-5513-00523-278_model2.jpg?policy=product-large
https://www.hollisterco.com/shop/us/p/high-rise-medium-wash-straight-jeans-59053336?categoryId=12623&faceout=model&seq=03&pagefm=navigation-grid&prodvm=navigation-grid,HIGH-RISE MEDIUM WASH STRAIGHT JEANS,https://img.hollisterco.com/is/image/anf/KIC_355-5271-00478-278_model2.jpg?policy=product-large
https://www.hollisterco.com/shop/us/p/high-rise-medium-wash-dad-jeans-59053327?categoryId=12623&faceout=model&seq=02&pagefm=navigation-grid&prodvm=navigation-grid,HIGH-RISE MEDIUM WASH DAD JEANS,https://img.hollisterco.com/is/image/anf/KIC_355-5203-00508-278_model2.jpg?policy=product-large
https://www.hollisterco.com/shop/us/p/low-rise-dark-wash-super-baggy-jeans-59053360?categoryId=12623&faceout=model&seq=25&afsource=social+proofing&pagefm=navigation-grid&prodvm=navigation-grid,LOW-RISE DARK WASH SUPER BAGGY JEANS,https://img.hollisterco.com/is/image/anf/KIC_355-5291-00471-977_model2.jpg?policy=product-large
https://www.hollisterco.com/shop/us/p/low-rise-grey-baggy-jeans-59053335?categoryId=12623&faceout=model&seq=24&pagefm=navigation-grid&prodvm=navigation-grid,LOW-RISE GREY BAGGY JEANS,https://img.hollisterco.com/is/image/anf/KIC_355-5293-00494-977_model2.jpg?policy=product-large
https://www.hollisterco.com/shop/us/p/ultra-high-rise-ripped-dark-wash-dad-jeans-57374331?categoryId=12623&faceout=model&seq=09&pagefm=navigation-grid&prodvm=navigation-grid,ULTRA HIGH-RISE RIPPED DARK WASH DAD JEANS,https://img.hollisterco.com/is/image/anf/KIC_355-4270-00235-277_model2.jpg?policy=product-large
https://www.hollisterco.com/shop/us/p/low-rise-dark-wash-super-baggy-jeans-59053332?categoryId=12623&faceout=model&seq=27&pagefm=navigation-grid&prodvm=navigation-grid,LOW-RISE DARK WASH SUPER BAGGY JEANS,https://img.hollisterco.com/is/image/anf/KIC_355-5272-00498-278_model2.jpg?policy=product-large
https://www.hollisterco.com/shop/us/p/low-rise-light-wash-baggy-jeans-59053330?categoryId=12623&faceout=model&seq=22&afsource=social+proofing&pagefm=navigation-grid&prodvm=navigation-grid,LOW-RISE LIGHT WASH BAGGY JEANS,https://img.hollisterco.com/is/image/anf/KIC_355-5236-00504-280_model2.jpg?policy=product-large
https://www.hollisterco.com/shop/us/p/high-rise-washed-black-baggy-jeans-59517373?categoryId=12623&faceout=model&seq=07&pagefm=navigation-grid&prodvm=navigation-grid,HIGH-RISE WASHED BLACK BAGGY JEANS,https://img.hollisterco.com/is/image/anf/KIC_355-5505-00585-977_model2.jpg?policy=product-large
https://www.hollisterco.com/shop/us/p/curvy-low-rise-washed-black-baggy-jeans-59163580?categoryId=12623&faceout=model&seq=02&pagefm=navigation-grid&prodvm=navigation-grid,CURVY LOW-RISE WASHED BLACK BAGGY JEANS,https://img.hollisterco.com/is/image/anf/KIC_355-5520-00491-977_model2.jpg?policy=product-large
https://www.hollisterco.com/shop/us/p/low-rise-medium-wash-baggy-jeans-58552959?categoryId=12623&faceout=model&seq=17&pagefm=navigation-grid&prodvm=navigation-grid,LOW-RISE MEDIUM WASH BAGGY JEANS,https://img.hollisterco.com/is/image/anf/KIC_355-4448-00384-278_model2.jpg?policy=product-large
https://www.hollisterco.com/shop/us/p/low-rise-medium-wash-floral-embroidery-baggy-jeans-59517361?categoryId=12623&faceout=model&seq=03&afsource=social+proofing&pagefm=navigation-grid&prodvm=navigation-grid,LOW-RISE MEDIUM WASH FLORAL EMBROIDERY BAGGY JEANS,https://img.hollisterco.com/is/image/anf/KIC_355-5549-00648-278_model2.jpg?policy=product-large
https://www.hollisterco.com/shop/us/p/curvy-mid-rise-light-wash-baggy-jeans-59034153?categoryId=12623&faceout=model&seq=06&pagefm=navigation-grid&prodvm=navigation-grid,CURVY MID-RISE LIGHT WASH BAGGY JEANS,https://img.hollisterco.com/is/image/anf/KIC_355-5225-00499-280_model2.jpg?policy=product-large
https://www.hollisterco.com/shop/us/p/low-rise-medium-wash-relaxed-straight-jeans-59163463?categoryId=12623&faceout=model&seq=16&pagefm=navigation-grid&prodvm=navigation-grid,LOW-RISE MEDIUM WASH RELAXED STRAIGHT JEANS,https://img.hollisterco.com/is/image/anf/KIC_355-5514-00530-278_model2.jpg?policy=product-large
https://www.hollisterco.com/shop/us/p/ultra-low-rise-boot-jeans-59449821?categoryId=12623&faceout=model&seq=03&pagefm=navigation-grid&prodvm=navigation-grid,ULTRA LOW-RISE BOOT JEANS,https://img.hollisterco.com/is/image/anf/KIC_355-5703-00062-278_model2.jpg?policy=product-large
https://www.hollisterco.com/shop/us/p/low-rise-medium-wash-relaxed-straight-jeans-59163463?categoryId=12623&faceout=model&seq=16&pagefm=navigation-grid&prodvm=navigation-grid,LOW-RISE MEDIUM WASH RELAXED STRAIGHT JEANS,https://img.hollisterco.com/is/image/anf/KIC_355-5514-00530-278_model2.jpg?policy=product-large
https://www.hollisterco.com/shop/us/p/high-rise-baggy-jeans-59508986?categoryId=12623&faceout=model&seq=06&pagefm=navigation-grid&prodvm=navigation-grid,HIGH-RISE BAGGY JEANS,https://img.hollisterco.com/is/image/anf/KIC_355-5362-00591-278_model2.jpg?policy=product-large
https://www.hollisterco.com/shop/us/p/low-rise-light-wash-baggy-jeans-59053345?categoryId=12623&faceout=model&seq=05&pagefm=navigation-grid&prodvm=navigation-grid,LOW-RISE LIGHT WASH BAGGY JEANS,https://img.hollisterco.com/is/image/anf/KIC_355-5319-00496-280_model2.jpg?policy=product-large
https://www.hollisterco.com/shop/us/p/curvy-high-rise-dad-jeans-59508819?categoryId=12623&faceout=model&seq=02&pagefm=navigation-grid&prodvm=navigation-grid,CURVY HIGH-RISE DAD JEANS,https://img.hollisterco.com/is/image/anf/KIC_355-5537-00564-278_model1.jpg?policy=product-large
https://www.hollisterco.com/shop/us/p/high-rise-baggy-jeans-59508986?categoryId=12623&faceout=model&seq=06&pagefm=navigation-grid&prodvm=navigation-grid,HIGH-RISE BAGGY JEANS,https://img.hollisterco.com/is/image/anf/KIC_355-5362-00591-278_model2.jpg?policy=product-large
https://www.hollisterco.com/shop/us/p/low-rise-light-wash-baggy-flare-jeans-58799481?categoryId=12623&faceout=model&seq=01&pagefm=navigation-grid&prodvm=navigation-grid,LOW-RISE LIGHT WASH BAGGY FLARE JEANS,https://img.hollisterco.com/is/image/anf/KIC_355-5324-00414-280_model2.jpg?policy=product-large
https://www.hollisterco.com/shop/us/p/low-rise-medium-wash-relaxed-straight-jeans-58660989?categoryId=12623&faceout=model&seq=04&pagefm=navigation-grid&prodvm=navigation-grid,LOW-RISE MEDIUM WASH RELAXED STRAIGHT JEANS,https://img.hollisterco.com/is/image/anf/KIC_355-4567-00426-278_model2.jpg?policy=product-large
https://www.hollisterco.com/shop/us/p/curvy-high-rise-medium-wash-super-skinny-jeans-57374339?categoryId=12623&faceout=model&seq=19&pagefm=navigation-grid&prodvm=navigation-grid,CURVY HIGH-RISE MEDIUM WASH SUPER SKINNY JEANS,https://img.hollisterco.com/is/image/anf/KIC_355-4462-00027-278_model2.jpg?policy=product-large
https://www.hollisterco.com/shop/us/p/low-rise-medium-wash-floral-embroidery-super-baggy-jeans-59330824?categoryId=12623&faceout=model&seq=26&afsource=social+proofing&pagefm=navigation-grid&prodvm=navigation-grid,LOW-RISE MEDIUM WASH FLORAL EMBROIDERY SUPER BAGGY JEANS,https://img.hollisterco.com/is/image/anf/KIC_355-5279-00544-278_model2.jpg?policy=product-large
https://www.hollisterco.com/shop/us/p/curvy-mid-rise-medium-wash-baggy-jeans-57733561?categoryId=12623&faceout=model&seq=01&pagefm=navigation-grid&prodvm=navigation-grid,CURVY MID-RISE MEDIUM WASH BAGGY JEANS,https://img.hollisterco.com/is/image/anf/KIC_355-4526-00293-278_model2.jpg?policy=product-large
https://www.hollisterco.com/shop/us/p/low-rise-black-boot-jeans-55250826?categoryId=12623&faceout=model&seq=08&pagefm=navigation-grid&prodvm=navigation-grid,LOW-RISE BLACK BOOT JEANS,https://img.hollisterco.com/is/image/anf/KIC_355-3291-0877-975_model2.jpg?policy=product-large
https://www.hollisterco.com/shop/us/p/ultra-high-rise-dark-wash-90s-straight-jeans-56714325?categoryId=12623&faceout=model&seq=02&pagefm=navigation-grid&prodvm=navigation-grid,ULTRA HIGH-RISE DARK WASH 90S STRAIGHT JEANS,https://img.hollisterco.com/is/image/anf/KIC_355-4267-00234-276_model2.jpg?policy=product-large
https://www.hollisterco.com/shop/us/p/high-rise-washed-black-straight-jeans-59034529?categoryId=12623&faceout=model&seq=08&pagefm=navigation-grid&prodvm=navigation-grid,HIGH-RISE WASHED BLACK STRAIGHT JEANS,https://img.hollisterco.com/is/image/anf/KIC_355-5288-00513-977_model1.jpg?policy=product-large
https://www.hollisterco.com/shop/us/p/low-rise-dark-wash-baggy-flare-jean-58799460?categoryId=12623&faceout=model&seq=02&pagefm=navigation-grid&prodvm=navigation-grid,LOW-RISE DARK WASH BAGGY FLARE JEAN,https://img.hollisterco.com/is/image/anf/KIC_355-5322-00413-276_model2.jpg?policy=product-large
https://www.hollisterco.com/shop/us/p/ultra-high-rise-medium-wash-baggy-jeans-55108048?categoryId=12623&faceout=model&seq=06&pagefm=navigation-grid&prodvm=navigation-grid,ULTRA HIGH-RISE MEDIUM WASH BAGGY JEANS,https://img.hollisterco.com/is/image/anf/KIC_355-4144-0060-278_model2.jpg?policy=product-large
https://www.hollisterco.com/shop/us/p/high-rise-dark-wash-dad-jeans-59053326?categoryId=12623&faceout=model&seq=01&pagefm=navigation-grid&prodvm=navigation-grid,HIGH-RISE DARK WASH DAD JEANS,https://img.hollisterco.com/is/image/anf/KIC_355-5332-00482-278_model2.jpg?policy=product-large
https://www.hollisterco.com/shop/us/p/low-rise-medium-wash-baggy-jeans-58553084?categoryId=12623&faceout=model&seq=18&afsource=social+proofing&pagefm=navigation-grid&prodvm=navigation-grid,LOW RISE MEDIUM WASH BAGGY JEANS,https://img.hollisterco.com/is/image/anf/KIC_355-4443-00379-278_model2.jpg?policy=product-large
https://www.hollisterco.com/shop/us/p/low-rise-dark-wash-baggy-jeans-59508983?categoryId=12623&faceout=model&seq=11&afsource=social+proofing&pagefm=navigation-grid&prodvm=navigation-grid,LOW-RISE DARK WASH BAGGY JEANS,https://img.hollisterco.com/is/image/anf/KIC_355-5358-00590-276_model2.jpg?policy=product-large
https://www.hollisterco.com/shop/us/p/low-rise-dark-wash-baggy-flare-jeans-59053351?categoryId=12623&faceout=model&seq=04&pagefm=navigation-grid&prodvm=navigation-grid,LOW-RISE DARK WASH BAGGY FLARE JEANS,https://img.hollisterco.com/is/image/anf/KIC_355-5325-00536-276_model2.jpg?policy=product-large
https://www.hollisterco.com/shop/us/p/low-rise-light-wash-shoelace-super-baggy-jeans-58875530?categoryId=12623&faceout=life&seq=07&afsource=social+proofing&pagefm=navigation-grid&prodvm=navigation-grid,LOW-RISE LIGHT WASH SHOELACE SUPER BAGGY JEANS,https://img.hollisterco.com/is/image/anf/KIC_355-5223-00473-278_model1.jpg?policy=product-large
https://www.hollisterco.com/shop/us/p/high-rise-medium-wash-baggy-jeans-59053361?categoryId=12623&faceout=model&seq=05&pagefm=navigation-grid&prodvm=navigation-grid,HIGH-RISE MEDIUM WASH BAGGY JEANS,https://img.hollisterco.com/is/image/anf/KIC_355-5258-00483-278_model2.jpg?policy=product-large
https://www.hollisterco.com/shop/us/p/low-rise-medium-wash-baggy-flare-jeans-59323319?categoryId=12623&faceout=model&seq=03&pagefm=navigation-grid&prodvm=navigation-grid,LOW-RISE MEDIUM WASH BAGGY FLARE JEANS,https://img.hollisterco.com/is/image/anf/KIC_355-5323-00412-278_model2.jpg?policy=product-large
https://www.hollisterco.com/shop/us/p/low-rise-washed-black-tapered-baggy-jeans-58875698?categoryId=12623&faceout=model&seq=03&pagefm=navigation-grid&prodvm=navigation-grid,LOW-RISE WASHED BLACK TAPERED BAGGY JEANS,https://img.hollisterco.com/is/image/anf/KIC_355-5287-00431-977_model2.jpg?policy=product-large
https://www.hollisterco.com/shop/us/p/high-rise-light-wash-straight-jeans-59053329?categoryId=12623&faceout=model&seq=01&pagefm=navigation-grid&prodvm=navigation-grid,HIGH-RISE LIGHT WASH STRAIGHT JEANS,https://img.hollisterco.com/is/image/anf/KIC_355-5234-00503-280_model2.jpg?policy=product-large
https://www.hollisterco.com/shop/us/p/low-rise-medium-wash-super-baggy-jeans-57627820?categoryId=12623&faceout=model&seq=13&pagefm=navigation-grid&prodvm=navigation-grid,LOW-RISE MEDIUM WASH SUPER BAGGY JEANS,https://img.hollisterco.com/is/image/anf/KIC_355-4496-00287-278_model1.jpg?policy=product-large
https://www.hollisterco.com/shop/us/p/ultra-low-rise-boot-jeans-59449819?categoryId=12623&faceout=life&seq=01&pagefm=navigation-grid&prodvm=navigation-grid,ULTRA LOW-RISE BOOT JEANS,https://img.hollisterco.com/is/image/anf/KIC_355-5705-00064-400_model1.jpg?policy=product-large
https://www.hollisterco.com/shop/us/p/curvy-high-rise-dark-wash-flare-jeans-57374441?categoryId=12623&faceout=model&seq=01&pagefm=navigation-grid&prodvm=navigation-grid,CURVY HIGH-RISE DARK WASH FLARE JEANS,https://img.hollisterco.com/is/image/anf/KIC_355-4266-00045-275_model2.jpg?policy=product-large
https://www.hollisterco.com/shop/us/p/ripped-medium-wash-high-rise-straight-jeans-59508991?categoryId=12623&faceout=model&seq=09&pagefm=navigation-grid&prodvm=navigation-grid,RIPPED MEDIUM WASH HIGH-RISE STRAIGHT JEANS,https://img.hollisterco.com/is/image/anf/KIC_355-5370-00592-279_model2.jpg?policy=product-large
https://www.hollisterco.com/shop/us/p/curvy-mid-rise-medium-wash-boot-jeans-54573393?categoryId=12623&faceout=model&seq=02&pagefm=navigation-grid&prodvm=navigation-grid,CURVY MID-RISE MEDIUM WASH BOOT JEANS,https://img.hollisterco.com/is/image/anf/KIC_355-3423-0009-278_model2.jpg?policy=product-large
https://www.hollisterco.com/shop/us/p/curvy-ultra-high-rise-medium-wash-dad-jeans-57374694?categoryId=12623&faceout=model&seq=04&pagefm=navigation-grid&prodvm=navigation-grid,CURVY ULTRA HIGH-RISE MEDIUM WASH DAD JEANS,https://img.hollisterco.com/is/image/anf/KIC_355-4469-00269-281_model2.jpg?policy=product-large
https://www.hollisterco.com/shop/us/p/low-rise-medium-wash-embroidered-shell-super-baggy-jeans-59509132?categoryId=12623&faceout=model&seq=30&afsource=social+proofing&pagefm=navigation-grid&prodvm=navigation-grid,LOW-RISE MEDIUM WASH EMBROIDERED SHELL SUPER BAGGY JEANS,https://img.hollisterco.com/is/image/anf/KIC_355-5386-00549-278_model2.jpg?policy=product-large
https://www.hollisterco.com/shop/us/p/low-rise-medium-wash-tapered-baggy-jeans-58875503?categoryId=12623&faceout=model&seq=01&pagefm=navigation-grid&prodvm=navigation-grid,LOW-RISE MEDIUM WASH TAPERED BAGGY JEANS,https://img.hollisterco.com/is/image/anf/KIC_355-5270-00432-278_model2.jpg?policy=product-large
https://www.hollisterco.com/shop/us/p/curvy-ultra-high-rise-medium-wash-baggy-jeans-57374662?categoryId=12623&faceout=model&seq=03&pagefm=navigation-grid&prodvm=navigation-grid,CURVY ULTRA HIGH-RISE MEDIUM WASH BAGGY JEANS,https://img.hollisterco.com/is/image/anf/KIC_355-4460-00270-278_model2.jpg?policy=product-large
https://www.hollisterco.com/shop/us/p/low-rise-ripped-medium-wash-relaxed-straight-jeans-58553222?categoryId=12623&faceout=model&seq=08&pagefm=navigation-grid&prodvm=navigation-grid,LOW-RISE RIPPED MEDIUM WASH RELAXED STRAIGHT JEANS,https://img.hollisterco.com/is/image/anf/KIC_355-4566-00415-277_model2.jpg?policy=product-large
https://www.hollisterco.com/shop/us/p/curvy-high-rise-medium-wash-baggy-jeans-59034168?categoryId=12623&faceout=model&seq=01&pagefm=navigation-grid&prodvm=navigation-grid,CURVY HIGH-RISE MEDIUM WASH BAGGY JEANS,https://img.hollisterco.com/is/image/anf/KIC_355-5238-00507-278_model2.jpg?policy=product-large
https://www.hollisterco.com/shop/us/p/low-rise-dark-wash-loose-jeans-59053353?categoryId=12623&faceout=model&seq=03&pagefm=navigation-grid&prodvm=navigation-grid,LOW-RISE DARK WASH LOOSE JEANS,https://img.hollisterco.com/is/image/anf/KIC_355-5330-00521-276_model2.jpg?policy=product-large
https://www.hollisterco.com/shop/us/p/low-rise-washed-black-baggy-jeans-59053342?categoryId=12623&faceout=model&seq=27&afsource=social+proofing&pagefm=navigation-grid&prodvm=navigation-grid,LOW-RISE WASHED BLACK BAGGY JEANS,https://img.hollisterco.com/is/image/anf/KIC_355-5289-00501-977_model2.jpg?policy=product-large
https://www.hollisterco.com/shop/us/p/curvy-low-rise-black-baggy-jeans-59517370?categoryId=12623&faceout=model&seq=06&pagefm=navigation-grid&prodvm=navigation-grid,CURVY LOW-RISE BLACK BAGGY JEANS,https://img.hollisterco.com/is/image/anf/KIC_355-5523-00586-975_model2.jpg?policy=product-large
https://www.hollisterco.com/shop/us/p/curvy-high-rise-ripped-light-wash-dad-jeans-59503551?categoryId=12623&faceout=model&seq=01&pagefm=navigation-grid&prodvm=navigation-grid,CURVY HIGH-RISE RIPPED LIGHT WASH DAD JEANS,https://img.hollisterco.com/is/image/anf/KIC_355-5536-00561-281_model2.jpg?policy=product-large
https://www.hollisterco.com/shop/us/p/low-rise-light-wash-relaxed-straight-jeans-59517362?categoryId=12623&faceout=model&seq=01&pagefm=navigation-grid&prodvm=navigation-grid,LOW-RISE LIGHT WASH RELAXED STRAIGHT JEANS,https://img.hollisterco.com/is/image/anf/KIC_355-5395-00576-280_model2.jpg?policy=product-large
https://www.hollisterco.com/shop/us/p/high-rise-light-wash-straight-jeans-59508999?categoryId=12623&faceout=model&seq=11&pagefm=navigation-grid&prodvm=navigation-grid,HIGH-RISE LIGHT WASH STRAIGHT JEANS,https://img.hollisterco.com/is/image/anf/KIC_355-5437-00571-280_model2.jpg?policy=product-large
https://www.hollisterco.com/shop/us/p/high-rise-light-wash-dad-jeans-59053348?categoryId=12623&faceout=model&seq=03&pagefm=navigation-grid&prodvm=navigation-grid,HIGH-RISE LIGHT WASH DAD JEANS,https://img.hollisterco.com/is/image/anf/KIC_355-5263-00436-278_model2.jpg?policy=product-large
https://www.hollisterco.com/shop/us/p/low-rise-medium-wash-foldover-waist-super-baggy-jeans-59509022?categoryId=12623&faceout=model&seq=28&afsource=social+proofing&pagefm=navigation-grid&prodvm=navigation-grid,LOW-RISE MEDIUM WASH FOLDOVER WAIST SUPER BAGGY JEANS,https://img.hollisterco.com/is/image/anf/KIC_355-5408-00567-278_prod1.jpg?policy=product-large
https://www.hollisterco.com/shop/us/p/curvy-high-rise-medium-wash-baggy-jeans-59034183?categoryId=12623&faceout=model&seq=03&pagefm=navigation-grid&prodvm=navigation-grid,CURVY HIGH-RISE MEDIUM WASH BAGGY JEANS,https://img.hollisterco.com/is/image/anf/KIC_355-5260-00511-278_model2.jpg?policy=product-large
https://www.hollisterco.com/shop/us/p/ultra-low-rise-studded-boot-jeans-59449820?categoryId=12623&faceout=life&seq=02&pagefm=navigation-grid&prodvm=navigation-grid,ULTRA LOW-RISE STUDDED BOOT JEANS,https://img.hollisterco.com/is/image/anf/KIC_355-5704-00063-280_prod2.jpg?policy=product-large
https://www.hollisterco.com/shop/us/p/curvy-mid-rise-medium-wash-baggy-jeans-59034198?categoryId=12623&faceout=model&seq=07&pagefm=navigation-grid&prodvm=navigation-grid,CURVY MID-RISE MEDIUM WASH BAGGY JEANS,https://img.hollisterco.com/is/image/anf/KIC_355-5267-00500-278_model2.jpg?policy=product-large
https://www.hollisterco.com/shop/us/p/low-rise-light-wash-loose-jeans-59053354?categoryId=12623&faceout=model&seq=02&pagefm=navigation-grid&prodvm=navigation-grid,LOW-RISE LIGHT WASH LOOSE JEANS,https://img.hollisterco.com/is/image/anf/KIC_355-5331-00522-280_model2.jpg?policy=product-large
https://www.hollisterco.com/shop/us/p/low-rise-medium-wash-loose-jeans-59053347?categoryId=12623&faceout=model&seq=04&pagefm=navigation-grid&prodvm=navigation-grid,LOW-RISE MEDIUM WASH LOOSE JEANS,https://img.hollisterco.com/is/image/anf/KIC_355-5329-00520-278_model2.jpg?policy=product-large
https://www.hollisterco.com/shop/us/p/low-rise-medium-wash-floral-print-super-baggy-jeans-59508993?categoryId=12623&faceout=model&seq=31&afsource=social+proofing&pagefm=navigation-grid&prodvm=navigation-grid,LOW-RISE MEDIUM WASH FLORAL PRINT SUPER BAGGY JEANS,https://img.hollisterco.com/is/image/anf/KIC_355-5280-00647-278_model2.jpg?policy=product-large
https://www.hollisterco.com/shop/us/p/ultra-high-rise-dark-wash-mom-jeans-55258010?categoryId=12623&faceout=model&seq=03&pagefm=navigation-grid&prodvm=navigation-grid,ULTRA HIGH-RISE DARK WASH MOM JEANS,https://img.hollisterco.com/is/image/anf/KIC_355-4237-0108-276_model2.jpg?policy=product-large
https://www.hollisterco.com/shop/us/p/low-rise-medium-wash-relaxed-straight-jeans-58660916?categoryId=12623&faceout=model&seq=07&pagefm=navigation-grid&prodvm=navigation-grid,LOW-RISE MEDIUM WASH RELAXED STRAIGHT JEANS,https://img.hollisterco.com/is/image/anf/KIC_355-4549-00410-278_model2.jpg?policy=product-large
https://www.hollisterco.com/shop/us/p/low-rise-ripped-light-wash-baggy-jeans-58660885?categoryId=12623&faceout=model&seq=19&afsource=social+proofing&pagefm=navigation-grid&prodvm=navigation-grid,LOW-RISE RIPPED LIGHT WASH BAGGY JEANS,https://img.hollisterco.com/is/image/anf/KIC_355-4511-00395-281_model2.jpg?policy=product-large
https://www.hollisterco.com/shop/us/p/curvy-mid-rise-dark-wash-boot-jeans-57374342?categoryId=12623&faceout=model&seq=07&pagefm=navigation-grid&prodvm=navigation-grid,CURVY MID-RISE DARK WASH BOOT JEANS,https://img.hollisterco.com/is/image/anf/KIC_355-4269-00028-276_model2.jpg?policy=product-large
https://www.hollisterco.com/shop/us/p/curvy-mid-rise-medium-wash-baggy-jeans-58414338?categoryId=12623&faceout=model&seq=05&pagefm=navigation-grid&prodvm=navigation-grid,CURVY MID-RISE MEDIUM WASH BAGGY JEANS,https://img.hollisterco.com/is/image/anf/KIC_355-4527-00294-278_model2.jpg?policy=product-large
https://www.hollisterco.com/shop/us/p/low-rise-dark-wash-baggy-jeans-59053340?categoryId=12623&faceout=model&seq=25&afsource=social+proofing&pagefm=navigation-grid&prodvm=navigation-grid,LOW-RISE DARK WASH BAGGY JEANS,https://img.hollisterco.com/is/image/anf/KIC_355-5312-00510-276_model2.jpg?policy=product-large
https://www.hollisterco.com/shop/us/p/mid-rise-medium-wash-boot-jeans-59053321?categoryId=12623&faceout=model&seq=02&pagefm=navigation-grid&prodvm=navigation-grid,MID-RISE MEDIUM WASH BOOT JEANS,https://img.hollisterco.com/is/image/anf/KIC_355-5281-00058-278_model2.jpg?policy=product-large
https://www.hollisterco.com/shop/us/p/high-rise-dark-wash-super-skinny-jeans-57374330?categoryId=12623&faceout=model&seq=32&pagefm=navigation-grid&prodvm=navigation-grid,HIGH-RISE DARK WASH SUPER SKINNY JEANS,https://img.hollisterco.com/is/image/anf/KIC_355-4256-0015-276_model2.jpg?policy=product-large
https://www.hollisterco.com/shop/us/p/curvy-ultra-high-rise-ripped-light-wash-dad-jeans-57374623?categoryId=12623&faceout=model&seq=01&pagefm=navigation-grid&prodvm=navigation-grid,CURVY ULTRA HIGH-RISE RIPPED LIGHT WASH DAD JEANS,https://img.hollisterco.com/is/image/anf/KIC_355-4467-00279-278_model2.jpg?policy=product-large
https://www.hollisterco.com/shop/us/p/curvy-mid-rise-dark-wash-baggy-jeans-58414377?categoryId=12623&faceout=model&seq=03&pagefm=navigation-grid&prodvm=navigation-grid,CURVY MID-RISE DARK WASH BAGGY JEANS,https://img.hollisterco.com/is/image/anf/KIC_355-4529-00297-275_model2.jpg?policy=product-large
https://www.hollisterco.com/shop/us/p/low-rise-ripped-medium-wash-relaxed-straight-jeans-59509126?categoryId=12623&faceout=model&seq=18&pagefm=navigation-grid&prodvm=navigation-grid,LOW-RISE RIPPED MEDIUM WASH RELAXED STRAIGHT JEANS,https://img.hollisterco.com/is/image/anf/KIC_355-5510-00553-278_model2.jpg?policy=product-large
https://www.hollisterco.com/shop/us/p/low-rise-pink-super-baggy-jeans-59034216?categoryId=12623&faceout=model&seq=32&afsource=social+proofing&pagefm=navigation-grid&prodvm=navigation-grid,LOW-RISE PINK SUPER BAGGY JEANS,https://img.hollisterco.com/is/image/anf/KIC_355-5268-00472-600_model2.jpg?policy=product-large
https://www.hollisterco.com/shop/us/p/ultra-high-rise-ripped-medium-wash-mom-jeans-53665839?categoryId=12623&faceout=model&seq=06&pagefm=navigation-grid&prodvm=navigation-grid,ULTRA HIGH-RISE RIPPED MEDIUM WASH MOM JEANS,https://img.hollisterco.com/is/image/anf/KIC_355-3313-0813-278_model2.jpg?policy=product-large
https://www.hollisterco.com/shop/us/p/high-rise-dark-wash-straight-jeans-59508984?categoryId=12623&faceout=model&seq=10&pagefm=navigation-grid&prodvm=navigation-grid,HIGH-RISE DARK WASH STRAIGHT JEANS,https://img.hollisterco.com/is/image/anf/KIC_355-5397-00598-276_model2.jpg?policy=product-large
https://www.hollisterco.com/shop/us/p/mid-rise-light-wash-boot-jeans-59053322?categoryId=12623&faceout=model&seq=03&pagefm=navigation-grid&prodvm=navigation-grid,MID-RISE LIGHT WASH BOOT JEANS,https://img.hollisterco.com/is/image/anf/KIC_355-4543-00059-278_model2.jpg?policy=product-large
https://www.hollisterco.com/shop/us/p/curvy-mid-rise-shoelace-waist-baggy-jeans-59509117?categoryId=12623&faceout=model&seq=09&pagefm=navigation-grid&prodvm=navigation-grid,CURVY MID-RISE SHOELACE WAIST BAGGY JEANS,https://img.hollisterco.com/is/image/anf/KIC_355-5400-00551-278_model2.jpg?policy=product-large
https://www.hollisterco.com/shop/us/p/curvy-mid-rise-black-baggy-jeans-59517365?categoryId=12623&faceout=model&seq=10&pagefm=navigation-grid&prodvm=navigation-grid,CURVY MID-RISE BLACK BAGGY JEANS,https://img.hollisterco.com/is/image/anf/KIC_355-5546-00587-975_model2.jpg?policy=product-large
https://www.hollisterco.com/shop/us/p/low-rise-light-wash-foldover-waist-super-baggy-jeans-59509030?categoryId=12623&faceout=model&seq=29&afsource=social+proofing&pagefm=navigation-grid&prodvm=navigation-grid,LOW-RISE LIGHT WASH FOLDOVER WAIST SUPER BAGGY JEANS,https://img.hollisterco.com/is/image/anf/KIC_355-5393-00565-280_model2.jpg?policy=product-large
https://www.hollisterco.com/shop/us/p/low-rise-medium-wash-cargo-baggy-jeans-57374739?categoryId=12623&faceout=model&seq=14&afsource=social+proofing&pagefm=navigation-grid&prodvm=navigation-grid,LOW-RISE MEDIUM WASH CARGO BAGGY JEANS,https://img.hollisterco.com/is/image/anf/KIC_355-4437-00248-278_model2.jpg?policy=product-large
https://www.hollisterco.com/shop/us/p/curvy-high-rise-distressed-baggy-jeans-59508994?categoryId=12623&faceout=model&seq=05&pagefm=navigation-grid&prodvm=navigation-grid,CURVY HIGH-RISE DISTRESSED BAGGY JEANS,https://img.hollisterco.com/is/image/anf/KIC_355-5373-00593-280_model2.jpg?policy=product-large
https://www.hollisterco.com/shop/us/p/low-rise-medium-wash-loose-jeans-59508987?categoryId=12623&faceout=model&seq=08&pagefm=navigation-grid&prodvm=navigation-grid,LOW-RISE MEDIUM WASH LOOSE JEANS,https://img.hollisterco.com/is/image/anf/KIC_355-5392-00597-278_model2.jpg?policy=product-large
https://www.hollisterco.com/shop/us/p/curvy-low-rise-light-wash-baggy-jeans-59330963?categoryId=12623&faceout=model&seq=05&pagefm=navigation-grid&prodvm=navigation-grid,CURVY LOW-RISE LIGHT WASH BAGGY JEANS,https://img.hollisterco.com/is/image/anf/KIC_355-5516-00539-280_model2.jpg?policy=product-large
https://www.hollisterco.com/shop/us/p/curvy-high-rise-medium-wash-baggy-jeans-59508988?categoryId=12623&faceout=model&seq=06&pagefm=navigation-grid&prodvm=navigation-grid,CURVY HIGH-RISE MEDIUM WASH BAGGY JEANS,https://img.hollisterco.com/is/image/anf/KIC_355-5387-00596-278_model2.jpg?policy=product-large
https://www.hollisterco.com/shop/us/p/low-rise-ripped-light-wash-baggy-jeans-59517369?categoryId=12623&faceout=model&seq=28&afsource=social+proofing&pagefm=navigation-grid&prodvm=navigation-grid,LOW-RISE RIPPED LIGHT WASH BAGGY JEANS,https://img.hollisterco.com/is/image/anf/KIC_355-5436-00572-281_model2.jpg?policy=product-large
https://www.hollisterco.com/shop/us/p/curvy-low-rise-ripped-medium-wash-super-baggy-jeans-59509118?categoryId=12623&faceout=model&seq=05&pagefm=navigation-grid&prodvm=navigation-grid,CURVY LOW-RISE RIPPED MEDIUM WASH SUPER BAGGY JEANS,https://img.hollisterco.com/is/image/anf/KIC_355-5372-00546-281_model2.jpg?policy=product-large
https://www.hollisterco.com/shop/us/p/curvy-mid-rise-medium-wash-boot-jeans-50234371?categoryId=12623&faceout=model&seq=06&pagefm=navigation-grid&prodvm=navigation-grid,CURVY MID-RISE MEDIUM WASH BOOT JEANS,https://img.hollisterco.com/is/image/anf/KIC_355-2329-0732-279_model2.jpg?policy=product-large
https://www.hollisterco.com/shop/us/p/curvy-low-rise-light-wash-baggy-jeans-59173497?categoryId=12623&faceout=model&seq=01&pagefm=navigation-grid&prodvm=navigation-grid,CURVY LOW-RISE LIGHT WASH BAGGY JEANS,https://img.hollisterco.com/is/image/anf/KIC_355-5519-00538-280_model1.jpg?policy=product-large
https://www.hollisterco.com/shop/us/p/curvy-high-rise-light-wash-dad-jeans-59508990?categoryId=12623&faceout=model&seq=03&pagefm=navigation-grid&prodvm=navigation-grid,CURVY HIGH-RISE LIGHT WASH DAD JEANS,https://img.hollisterco.com/is/image/anf/KIC_355-5538-00602-280_model1.jpg?policy=product-large
https://www.hollisterco.com/shop/us/p/curvy-low-rise-medium-wash-shell-embroidery-super-baggy-jeans-59509109?categoryId=12623&faceout=model&seq=01&pagefm=navigation-grid&prodvm=navigation-grid,CURVY LOW-RISE MEDIUM WASH SHELL EMBROIDERY SUPER BAGGY JEANS,https://img.hollisterco.com/is/image/anf/KIC_355-5399-00550-278_model2.jpg?policy=product-large
https://www.hollisterco.com/shop/us/p/low-rise-medium-wash-relaxed-straight-jeans-59509142?categoryId=12623&faceout=model&seq=17&afsource=social+proofing&pagefm=navigation-grid&prodvm=navigation-grid,LOW-RISE MEDIUM WASH RELAXED STRAIGHT JEANS,https://img.hollisterco.com/is/image/anf/KIC_355-5509-00552-278_model2.jpg?policy=product-large
https://www.hollisterco.com/shop/us/p/low-rise-light-wash-tapered-baggy-jeans-58875537?categoryId=12623&faceout=model&seq=02&pagefm=navigation-grid&prodvm=navigation-grid,LOW-RISE LIGHT WASH TAPERED BAGGY JEANS,https://img.hollisterco.com/is/image/anf/KIC_355-5224-00430-280_model2.jpg?policy=product-large
https://www.hollisterco.com/shop/us/p/curvy-low-rise-medium-wash-baggy-jeans-59350859?categoryId=12623&faceout=model&seq=03&pagefm=navigation-grid&prodvm=navigation-grid,CURVY LOW-RISE MEDIUM WASH BAGGY JEANS,https://img.hollisterco.com/is/image/anf/KIC_355-5518-00537-278_model2.jpg?policy=product-large
https://www.hollisterco.com/shop/us/p/low-rise-ripped-light-wash-relaxed-straight-jeans-59053344?categoryId=12623&faceout=model&seq=12&pagefm=navigation-grid&prodvm=navigation-grid,LOW-RISE RIPPED LIGHT WASH RELAXED STRAIGHT JEANS,https://img.hollisterco.com/is/image/anf/KIC_355-5508-00490-281_model2.jpg?policy=product-large
https://www.hollisterco.com/shop/us/p/low-rise-distressed-light-wash-baggy-jeans-59508985?categoryId=12623&faceout=model&seq=12&afsource=social+proofing&pagefm=navigation-grid&prodvm=navigation-grid,LOW-RISE DISTRESSED LIGHT WASH BAGGY JEANS,
https://www.hollisterco.com/shop/us/p/curvy-low-rise-light-wash-relaxed-straight-jeans-59508979?categoryId=12623&faceout=model&seq=01&pagefm=navigation-grid&prodvm=navigation-grid,CURVY LOW-RISE LIGHT WASH RELAXED STRAIGHT JEANS,
https://www.hollisterco.com/shop/us/p/curvy-low-rise-medium-wash-baggy-jeans-59330964?categoryId=12623&faceout=model&seq=04&pagefm=navigation-grid&prodvm=navigation-grid,CURVY LOW-RISE MEDIUM WASH BAGGY JEANS,https://img.hollisterco.com/is/image/anf/KIC_355-5517-00540-278_model1.jpg?policy=product-large
https://www.hollisterco.com/shop/us/p/low-rise-ripped-light-wash-baggy-jeans-58875484?categoryId=12623&faceout=life&seq=20&afsource=social+proofing&pagefm=navigation-grid&prodvm=navigation-grid,LOW-RISE RIPPED LIGHT WASH BAGGY JEANS,https://img.hollisterco.com/is/image/anf/KIC_355-5235-00493-280_model0030.jpg?policy=product-large
https://www.hollisterco.com/shop/us/p/curvy-ripped-mid-rise-light-wash-shoelace-waist-baggy-jeans-59508980?categoryId=12623&faceout=model&seq=08&pagefm=navigation-grid&prodvm=navigation-grid,,
https://www.hollisterco.com/shop/us/p/low-rise-black-baggy-jeans-59173424?categoryId=12623&faceout=model&seq=06&afsource=social+proofing&pagefm=navigation-grid&prodvm=navigation-grid,LOW-RISE BLACK BAGGY JEANS,https://img.hollisterco.com/is/image/anf/KIC_355-5439-00543-975_model2.jpg?policy=product-large
https://www.hollisterco.com/shop/us/p/curvy-low-rise-ripped-medium-wash-baggy-jeans-59509116?categoryId=12623&faceout=model&seq=10&pagefm=navigation-grid&prodvm=navigation-grid,CURVY LOW-RISE RIPPED MEDIUM WASH BAGGY JEANS,https://img.hollisterco.com/is/image/anf/KIC_355-5356-00545-279_model2.jpg?policy=product-large
https://www.hollisterco.com/shop/us/p/curvy-low-rise-medium-wash-baggy-jeans-59508977?categoryId=12623&faceout=model&seq=07&pagefm=navigation-grid&prodvm=navigation-grid,CURVY LOW-RISE MEDIUM WASH BAGGY JEANS,https://img.hollisterco.com/is/image/anf/KIC_355-5521-00600-278_model2.jpg?policy=product-large
https://www.hollisterco.com/shop/us/p/low-rise-light-wash-tie-waist-baggy-jeans-59517368?categoryId=12623&faceout=model&seq=10&afsource=social+proofing&pagefm=navigation-grid&prodvm=navigation-grid,LOW-RISE LIGHT WASH TIE-WAIST BAGGY JEANS,https://img.hollisterco.com/is/image/anf/KIC_355-5359-00580-280_model2.jpg?policy=product-large
https://www.hollisterco.com/shop/us/p/high-rise-ripped-medium-wash-dad-jeans-59053356?categoryId=12623&faceout=model&seq=04&pagefm=navigation-grid&prodvm=navigation-grid,HIGH-RISE RIPPED MEDIUM WASH DAD JEANS,https://img.hollisterco.com/is/image/anf/KIC_355-5265-00437-279_model2.jpg?policy=product-large
https://www.hollisterco.com/shop/us/p/curvy-ultra-high-rise-medium-wash-mom-jeans-55662819?categoryId=12623&faceout=model&seq=03&pagefm=navigation-grid&prodvm=navigation-grid,CURVY ULTRA HIGH-RISE MEDIUM WASH MOM JEANS,https://img.hollisterco.com/is/image/anf/KIC_355-3276-0774-278_model2.jpg?policy=product-large
https://www.hollisterco.com/shop/us/p/low-rise-ripped-light-wash-loose-jeans-59053341?categoryId=12623&faceout=model&seq=05&pagefm=navigation-grid&prodvm=navigation-grid,LOW-RISE RIPPED LIGHT WASH LOOSE JEANS,https://img.hollisterco.com/is/image/anf/KIC_355-4447-00533-281_model2.jpg?policy=product-large
https://www.hollisterco.com/shop/us/p/low-rise-medium-wash-loose-jeans-59508996?categoryId=12623&faceout=model&seq=09&pagefm=navigation-grid&prodvm=navigation-grid,LOW-RISE MEDIUM WASH LOOSE JEANS,https://img.hollisterco.com/is/image/anf/KIC_355-5407-00599-278_model2.jpg?policy=product-large
https://www.hollisterco.com/shop/us/p/curvy-low-rise-light-wash-foldover-waist-super-baggy-jeans-59509124?categoryId=12623&faceout=model&seq=02&pagefm=navigation-grid&prodvm=navigation-grid,CURVY LOW-RISE LIGHT WASH FOLDOVER WAIST SUPER BAGGY JEANS,https://img.hollisterco.com/is/image/anf/KIC_355-5381-00548-281_model2.jpg?policy=product-large
https://www.hollisterco.com/shop/us/p/curvy-low-rise-ripped-medium-wash-relaxed-straight-jeans-59508981?categoryId=12623&faceout=model&seq=02&pagefm=navigation-grid&prodvm=navigation-grid,CURVY LOW-RISE RIPPED MEDIUM WASH RELAXED STRAIGHT JEANS,https://img.hollisterco.com/is/image/anf/KIC_355-5535-00601-279_model2.jpg?policy=product-large
https://www.hollisterco.com/shop/us/p/low-rise-medium-wash-shoelace-super-baggy-jeans-58875675?categoryId=12623&faceout=model&seq=11&afsource=social+proofing&pagefm=navigation-grid&prodvm=navigation-grid,LOW-RISE MEDIUM WASH SHOELACE SUPER BAGGY JEANS,https://img.hollisterco.com/is/image/anf/KIC_355-4525-00525-278_model2.jpg?policy=product-large
https://www.hollisterco.com/shop/us/p/curvy-high-rise-light-wash-baggy-jeans-59517360?categoryId=12623&faceout=model&seq=04&pagefm=navigation-grid&prodvm=navigation-grid,CURVY HIGH-RISE LIGHT WASH BAGGY JEANS,https://img.hollisterco.com/is/image/anf/KIC_355-5361-00581-280_model2.jpg?policy=product-large
https://www.hollisterco.com/shop/us/p/curvy-low-rise-medium-wash-super-baggy-jeans-59503543?categoryId=12623&faceout=model&seq=03&pagefm=navigation-grid&prodvm=navigation-grid,CURVY LOW-RISE MEDIUM WASH SUPER BAGGY JEANS,https://img.hollisterco.com/is/image/anf/KIC_355-5378-00563-278_model2.jpg?policy=product-large
https://www.hollisterco.com/shop/us/p/low-rise-medium-wash-shoestring-waist-baggy-jeans-59517367?categoryId=12623&faceout=model&seq=08&afsource=social+proofing&pagefm=navigation-grid&prodvm=navigation-grid,LOW-RISE MEDIUM WASH SHOESTRING WAIST BAGGY JEANS,https://img.hollisterco.com/is/image/anf/KIC_355-5396-00577-278_model2.jpg?policy=product-large
https://www.hollisterco.com/shop/us/p/low-rise-light-wash-star-embroidery-baggy-jeans-59517329?categoryId=12623&faceout=model&seq=07&afsource=social+proofing&pagefm=navigation-grid&prodvm=navigation-grid,LOW-RISE LIGHT WASH STAR EMBROIDERY BAGGY JEANS,https://img.hollisterco.com/is/image/anf/KIC_355-5398-00566-280_model2.jpg?policy=product-large
https://www.hollisterco.com/shop/us/p/low-rise-zebra-pattern-super-baggy-jeans-59225944?categoryId=12623&faceout=model&seq=24&pagefm=navigation-grid&prodvm=navigation-grid,LOW-RISE ZEBRA PATTERN SUPER BAGGY JEANS,https://img.hollisterco.com/is/image/anf/KIC_355-5574-00625-375_model2.jpg?policy=product-large
https://www.hollisterco.com/shop/us/p/low-rise-light-wash-ripped-loose-jeans-59503541?categoryId=12623&faceout=model&seq=07&pagefm=navigation-grid&prodvm=navigation-grid,LOW-RISE LIGHT WASH RIPPED LOOSE JEANS,https://img.hollisterco.com/is/image/anf/KIC_355-5366-00562-281_model2.jpg?policy=product-large
https://www.hollisterco.com/shop/us/p/low-rise-ripped-medium-wash-loose-jeans-59508989?categoryId=12623&faceout=model&seq=06&pagefm=navigation-grid&prodvm=navigation-grid,LOW-RISE RIPPED MEDIUM WASH LOOSE JEANS,https://img.hollisterco.com/is/image/anf/KIC_355-5357-00589-278_model2.jpg?policy=product-large
https://www.hollisterco.com/shop/us/p/low-rise-medium-wash-baggy-jeans-59053339?categoryId=12623&faceout=model&seq=26&afsource=social+proofing&pagefm=navigation-grid&prodvm=navigation-grid,LOW-RISE MEDIUM WASH BAGGY JEANS,https://img.hollisterco.com/is/image/anf/KIC_355-5314-00481-278_model1.jpg?policy=product-large
https://www.hollisterco.com/shop/us/p/curvy-mid-rise-dark-wash-boot-jeans-53665840?categoryId=12623&faceout=model&seq=05&pagefm=navigation-grid&prodvm=navigation-grid,CURVY MID-RISE DARK WASH BOOT JEANS,https://img.hollisterco.com/is/image/anf/KIC_355-3315-0808-276_model2.jpg?policy=product-large
https://www.hollisterco.com/shop/us/p/high-rise-ripped-medium-wash-super-skinny-jeans-57374362?categoryId=12623&faceout=model&seq=33&pagefm=navigation-grid&prodvm=navigation-grid,HIGH-RISE RIPPED MEDIUM WASH SUPER SKINNY JEANS,https://img.hollisterco.com/is/image/anf/KIC_355-4367-0013-279_model2.jpg?policy=product-large
https://www.hollisterco.com/shop/us/p/high-rise-black-jean-leggings-56984819?categoryId=12623&faceout=model&seq=01&pagefm=navigation-grid&prodvm=navigation-grid,HIGH-RISE BLACK JEAN LEGGINGS,
https://www.hollisterco.com/shop/us/p/low-rise-dark-wash-super-skinny-jeans-53665851?categoryId=12623&faceout=model&seq=09&pagefm=navigation-grid&prodvm=navigation-grid,LOW-RISE DARK WASH SUPER SKINNY JEANS,https://img.hollisterco.com/is/image/anf/KIC_355-3342-0840-276_model2.jpg?policy=product-large
https://www.hollisterco.com/shop/us/p/curvy-high-rise-dark-wash-super-skinny-jeans-53618330?categoryId=12623&faceout=model&seq=08&pagefm=navigation-grid&prodvm=navigation-grid,CURVY HIGH-RISE DARK WASH SUPER SKINNY JEANS,https://img.hollisterco.com/is/image/anf/KIC_355-3290-0827-276_model2.jpg?policy=product-large
https://www.hollisterco.com/shop/us/p/high-rise-khaki-super-skinny-pants-50234383?categoryId=12623&faceout=model&seq=04&pagefm=navigation-grid&prodvm=navigation-grid,HIGH-RISE KHAKI SUPER SKINNY PANTS,https://img.hollisterco.com/is/image/anf/KIC_355-2344-0723-400_model2.jpg?policy=product-large
https://www.hollisterco.com/shop/us/p/curvy-high-rise-dark-wash-jean-leggings-56626819?categoryId=12623&faceout=model&seq=03&pagefm=navigation-grid&prodvm=navigation-grid,CURVY HIGH-RISE DARK WASH JEAN LEGGINGS,https://img.hollisterco.com/is/image/anf/KIC_355-4398-00002-276_model2.jpg?policy=product-large
https://www.hollisterco.com/shop/us/p/curvy-high-rise-dark-wash-super-skinny-jeans-57374359?categoryId=12623&faceout=model&seq=17&pagefm=navigation-grid&prodvm=navigation-grid,CURVY HIGH-RISE DARK WASH SUPER SKINNY JEANS,https://img.hollisterco.com/is/image/anf/KIC_355-4341-00018-276_model2.jpg?policy=product-large
https://www.hollisterco.com/shop/us/p/high-rise-ripped-dark-wash-super-skinny-jeans-57374389?categoryId=12623&faceout=model&seq=34&pagefm=navigation-grid&prodvm=navigation-grid,HIGH-RISE RIPPED DARK WASH SUPER SKINNY JEANS,https://img.hollisterco.com/is/image/anf/KIC_355-4277-00022-277_model2.jpg?policy=product-large
https://www.hollisterco.com/shop/us/p/ultra-high-rise-ripped-black-super-skinny-jeans-57374410?categoryId=12623&faceout=model&seq=37&pagefm=navigation-grid&prodvm=navigation-grid,HIGH-RISE RIPPED BLACK SUPER SKINNY JEANS,https://img.hollisterco.com/is/image/anf/KIC_355-4383-00023-976_model2.jpg?policy=product-large
https://www.hollisterco.com/shop/us/p/curvy-high-rise-black-jean-leggings-56588820?categoryId=12623&faceout=model&seq=02&pagefm=navigation-grid&prodvm=navigation-grid,CURVY HIGH-RISE BLACK JEAN LEGGINGS,https://img.hollisterco.com/is/image/anf/KIC_355-4399-00001-900_model2.jpg?policy=product-large
https://www.hollisterco.com/shop/us/p/high-rise-dark-wash-super-skinny-jeans-54576362?categoryId=12623&faceout=model&seq=30&pagefm=navigation-grid&prodvm=navigation-grid,HIGH-RISE DARK WASH SUPER SKINNY JEANS,https://img.hollisterco.com/is/image/anf/KIC_355-4004-0007-276_model2.jpg?policy=product-large
https://www.hollisterco.com/shop/us/p/low-rise-black-super-skinny-jeans-53618341?categoryId=12623&faceout=model&seq=04&pagefm=navigation-grid&prodvm=navigation-grid,LOW-RISE BLACK SUPER SKINNY JEANS,https://img.hollisterco.com/is/image/anf/KIC_355-3351-0767-975_model2.jpg?policy=product-large
https://www.hollisterco.com/shop/us/p/curvy-low-rise-dark-wash-super-skinny-jeans-53618335?categoryId=12623&faceout=model&seq=02&pagefm=navigation-grid&prodvm=navigation-grid,CURVY LOW-RISE DARK WASH SUPER SKINNY JEANS,https://img.hollisterco.com/is/image/anf/KIC_355-3319-0841-277_model2.jpg?policy=product-large
https://www.hollisterco.com/shop/us/p/curvy-low-rise-dark-wash-super-skinny-jeans-53620819?categoryId=12623&faceout=model&seq=01&pagefm=navigation-grid&prodvm=navigation-grid,CURVY LOW-RISE DARK WASH SUPER SKINNY JEANS,https://img.hollisterco.com/is/image/anf/KIC_355-3310-0834-276_model1.jpg?policy=product-large
https://www.hollisterco.com/shop/us/p/curvy-high-rise-ripped-dark-wash-jean-leggings-53618334?categoryId=12623&faceout=model&seq=04&pagefm=navigation-grid&prodvm=navigation-grid,CURVY HIGH-RISE RIPPED DARK WASH JEAN LEGGINGS,https://img.hollisterco.com/is/image/anf/KIC_355-3316-0804-277_model2.jpg?policy=product-large
https://www.hollisterco.com/shop/us/p/curvy-high-rise-ripped-black-super-skinny-jeans-53941843?categoryId=12623&faceout=model&seq=12&pagefm=navigation-grid&prodvm=navigation-grid,CURVY HIGH-RISE RIPPED BLACK SUPER SKINNY JEANS,https://img.hollisterco.com/is/image/anf/KIC_355-3330-0003-976_model2.jpg?policy=product-large
https://www.hollisterco.com/shop/us/p/curvy-high-rise-dark-wash-super-skinny-jeans-54573404?categoryId=12623&faceout=model&seq=14&pagefm=navigation-grid&prodvm=navigation-grid,CURVY HIGH-RISE DARK WASH SUPER SKINNY JEANS,https://img.hollisterco.com/is/image/anf/KIC_355-4176-0005-276_model2.jpg?policy=product-large
https://www.hollisterco.com/shop/us/p/curvy-high-rise-medium-wash-super-skinny-jeans-50234381?categoryId=12623&faceout=model&seq=05&pagefm=navigation-grid&prodvm=navigation-grid,CURVY HIGH-RISE MEDIUM WASH SUPER SKINNY JEANS,https://img.hollisterco.com/is/image/anf/KIC_355-2342-0726-276_model2.jpg?policy=product-large
https://www.hollisterco.com/shop/us/p/high-rise-medium-wash-jean-leggings-56965320?categoryId=12623&faceout=model&seq=02&pagefm=navigation-grid&prodvm=navigation-grid,HIGH-RISE MEDIUM WASH JEAN LEGGINGS,https://img.hollisterco.com/is/image/anf/KIC_355-4402-00005-276_model2.jpg?policy=product-large
https://www.hollisterco.com/shop/us/p/high-rise-dark-wash-jean-leggings-56639819?categoryId=12623&faceout=model&seq=03&pagefm=navigation-grid&prodvm=navigation-grid,HIGH-RISE DARK WASH JEAN LEGGINGS,https://img.hollisterco.com/is/image/anf/KIC_355-4401-00007-276_model2.jpg?policy=product-large
