cell-image-link href,image,name
https://www.levi.com/US/en_US/clothing/men/jeans/slim/511-slim-fit-mens-jeans/p/045115835,"https://lsco.scene7.com/is/image/lsco/045115835-detail1-pdp?fmt=jpeg&qlt=70&resMode=sharp2&fit=crop,1&op_usm=0.6,0.6,8&wid=155&hei=155",511™ SLIM FIT MEN'S JEANS
https://www.levi.com/US/en_US/jeans-by-fit-number/men/jeans/512/512-slim-taper-levis-flex-mens-jeans/p/288330848,"https://lsco.scene7.com/is/image/lsco/288330848-detail1-pdp?fmt=jpeg&qlt=70&resMode=sharp2&fit=crop,1&op_usm=0.6,0.6,8&wid=155&hei=155",512™ SLIM TAPER LEVI'S® FLEX MEN'S JEANS
https://www.levi.com/US/en_US/clothing/men/jeans/straight/501-original-fit-selvedge-mens-jeans/p/005013659,"https://lsco.scene7.com/is/image/lsco/005013659-detail1-pdp?fmt=jpeg&qlt=70&resMode=sharp2&fit=crop,1&op_usm=0.6,0.6,8&wid=155&hei=155",501® ORIGINAL FIT SELVEDGE MEN'S JEANS
https://www.levi.com/US/en_US/clothing/men/jeans/taper/541-athletic-taper-mens-jeans/p/181810636,"https://lsco.scene7.com/is/image/lsco/181810636-back-pdp?fmt=jpeg&qlt=70&resMode=sharp2&fit=crop,1&op_usm=0.6,0.6,8&wid=155&hei=155",541™ ATHLETIC TAPER MEN'S JEANS
https://www.levi.com/US/en_US/clothing/men/jeans/straight/505-regular-fit-selvedge-mens-jeans/p/005052976,"https://lsco.scene7.com/is/image/lsco/005052976-detail1-pdp?fmt=jpeg&qlt=70&resMode=sharp2&fit=crop,1&op_usm=0.6,0.6,8&wid=155&hei=155",505™ REGULAR FIT SELVEDGE MEN'S JEANS
https://www.levi.com/US/en_US/clothing/men/jeans/loose/568-loose-straight-mens-jeans/p/290370061,"https://lsco.scene7.com/is/image/lsco/290370061-front-pdp?fmt=jpeg&qlt=70&resMode=sharp2&fit=crop,1&op_usm=0.6,0.6,8&wid=155&hei=155",568™ LOOSE STRAIGHT MEN'S JEANS
https://www.levi.com/US/en_US/clothing/men/jeans/taper/502-taper-fit-authentic-soft-mens-jeans/p/295071460,"https://lsco.scene7.com/is/image/lsco/295071460-detail1-pdp?fmt=jpeg&qlt=70&resMode=sharp2&fit=crop,1&op_usm=0.6,0.6,8&wid=155&hei=155",502™ TAPER FIT AUTHENTIC SOFT MEN'S JEANS
https://www.levi.com/US/en_US/clothing/men/jeans/straight/514-straight-fit-mens-jeans/p/005141818,"https://lsco.scene7.com/is/image/lsco/005141818-detail1-pdp?fmt=jpeg&qlt=70&resMode=sharp2&fit=crop,1&op_usm=0.6,0.6,8&wid=155&hei=155",514™ STRAIGHT FIT MEN'S JEANS
https://www.levi.com/US/en_US/clothing/men/jeans/straight/501-original-fit-mens-jeans/p/005011484,"https://lsco.scene7.com/is/image/lsco/005011484-detail1-pdp?fmt=jpeg&qlt=70&resMode=sharp2&fit=crop,1&op_usm=0.6,0.6,8&wid=155&hei=155",501® ORIGINAL FIT MEN'S JEANS
https://www.levi.com/US/en_US/clothing/men/jeans/slim/511-slim-fit-linen-denim-mens-jeans/p/045116137,"https://lsco.scene7.com/is/image/lsco/045116137-detail1-pdp?fmt=jpeg&qlt=70&resMode=sharp2&fit=crop,1&op_usm=0.6,0.6,8&wid=155&hei=155",511™ SLIM FIT LINEN+ DENIM MEN'S JEANS
https://www.levi.com/US/en_US/clothing/men/jeans/relaxed/555-relaxed-straight-mens-jeans/p/000LO0005,"https://lsco.scene7.com/is/image/lsco/000LO0005-detail1-pdp?fmt=jpeg&qlt=70&resMode=sharp2&fit=crop,1&op_usm=0.6,0.6,8&wid=155&hei=155",555™ RELAXED STRAIGHT MEN'S JEANS
https://www.levi.com/US/en_US/clothing/men/jeans/taper/541-athletic-taper-fit-mens-jeans/p/181810818,"https://lsco.scene7.com/is/image/lsco/181810818-side-pdp?fmt=jpeg&qlt=70&resMode=sharp2&fit=crop,1&op_usm=0.6,0.6,8&wid=155&hei=155",541™ ATHLETIC TAPER FIT MEN'S JEANS
https://www.levi.com/US/en_US/clothing/men/jeans/slim/513-slim-straight-levis-flex-mens-jeans/p/085130934,"https://lsco.scene7.com/is/image/lsco/085130934-front-pdp?fmt=jpeg&qlt=70&resMode=sharp2&fit=crop,1&op_usm=0.6,0.6,8&wid=155&hei=155",513™ SLIM STRAIGHT LEVI'S® FLEX MEN'S JEANS
https://www.levi.com/US/en_US/jeans-by-fit-number/men/jeans/505/505-regular-fit-mens-jeans/p/005050260,"https://lsco.scene7.com/is/image/lsco/005050260-front-pdp?fmt=jpeg&qlt=70&resMode=sharp2&fit=crop,1&op_usm=0.6,0.6,8&wid=155&hei=155",505™ REGULAR FIT MEN'S JEANS
https://www.levi.com/US/en_US/clothing/men/jeans/relaxed/550-relaxed-fit-mens-jeans/p/005500059,"https://lsco.scene7.com/is/image/lsco/005500059-front-pdp?fmt=jpeg&qlt=70&resMode=sharp2&fit=crop,1&op_usm=0.6,0.6,8&wid=155&hei=155",550™ RELAXED FIT MEN'S JEANS
https://www.levi.com/US/en_US/clothing/men/jeans/loose/565-loose-straight-mens-jeans/p/A72210010,"https://lsco.scene7.com/is/image/lsco/A72210010-side-pdp-lse?fmt=jpeg&qlt=70&resMode=sharp2&fit=crop,1&op_usm=0.6,0.6,8&wid=155&hei=155",565™ LOOSE STRAIGHT MEN'S JEANS
https://www.levi.com/US/en_US/clothing/men/jeans/taper/512-slim-taper-fit-mens-jeans/p/288331195,"https://lsco.scene7.com/is/image/lsco/288331195-side-pdp?fmt=jpeg&qlt=70&resMode=sharp2&fit=crop,1&op_usm=0.6,0.6,8&wid=155&hei=155",512™ SLIM TAPER FIT MEN'S JEANS
https://www.levi.com/US/en_US/clothing/men/jeans/bootcut/517-bootcut-mens-jeans/p/005170256,"https://lsco.scene7.com/is/image/lsco/005170256-front-pdp?fmt=jpeg&qlt=70&resMode=sharp2&fit=crop,1&op_usm=0.6,0.6,8&wid=155&hei=155",517™ BOOTCUT MEN'S JEANS
https://www.levi.com/US/en_US/clothing/men/jeans/straight/501-original-shrink-to-fit-mens-jeans/p/005013669,"https://lsco.scene7.com/is/image/lsco/005013669-front-pdp?fmt=jpeg&qlt=70&resMode=sharp2&fit=crop,1&op_usm=0.6,0.6,8&wid=155&hei=155",501® ORIGINAL SHRINK-TO-FIT™ MEN'S JEANS
https://www.levi.com/US/en_US/clothing/men/jeans/relaxed/555-relaxed-straight-linen-denim-mens-jeans/p/000LO0012,"https://lsco.scene7.com/is/image/lsco/000LO0012-detail1-pdp?fmt=jpeg&qlt=70&resMode=sharp2&fit=crop,1&op_usm=0.6,0.6,8&wid=155&hei=155",555™ RELAXED STRAIGHT LINEN+ DENIM MEN'S JEANS
https://www.levi.com/US/en_US/clothing/men/jeans/loose/568-loose-linen-denim-mens-jeans/p/290370082,"https://lsco.scene7.com/is/image/lsco/290370082-detail1-pdp?fmt=jpeg&qlt=70&resMode=sharp2&fit=crop,1&op_usm=0.6,0.6,8&wid=155&hei=155",568™ LOOSE LINEN+ DENIM MEN'S JEANS
https://www.levi.com/US/en_US/clothing/men/jeans/straight/505-regular-fit-lightweight-mens-jeans/p/005053068,"https://lsco.scene7.com/is/image/lsco/005053068-front-pdp?fmt=jpeg&qlt=70&resMode=sharp2&fit=crop,1&op_usm=0.6,0.6,8&wid=155&hei=155",505™ REGULAR FIT LIGHTWEIGHT MEN'S JEANS
https://www.levi.com/US/en_US/clothing/men/jeans/taper/502-taper-fit-mens-jeans/p/295071442,"https://lsco.scene7.com/is/image/lsco/295071442-side-pdp?fmt=jpeg&qlt=70&resMode=sharp2&fit=crop,1&op_usm=0.6,0.6,8&wid=155&hei=155",502™ TAPER FIT MEN'S JEANS
https://www.levi.com/US/en_US/clothing/men/jeans/relaxed/559-relaxed-straight-fit-mens-jeans/p/005590625,"https://lsco.scene7.com/is/image/lsco/005590625-side-pdp?fmt=jpeg&qlt=70&resMode=sharp2&fit=crop,1&op_usm=0.6,0.6,8&wid=155&hei=155",559™ RELAXED STRAIGHT FIT MEN'S JEANS
https://www.levi.com/US/en_US/clothing/men/jeans/skinny/510-skinny-fit-mens-jeans/p/055101351,"https://lsco.scene7.com/is/image/lsco/055101351-side-pdp?fmt=jpeg&qlt=70&resMode=sharp2&fit=crop,1&op_usm=0.6,0.6,8&wid=155&hei=155",510™ SKINNY FIT MEN'S JEANS
https://www.levi.com/US/en_US/clothing/men/jeans/loose/568-loose-straight-carpenter-mens-jeans/p/558490067,"https://lsco.scene7.com/is/image/lsco/558490067-front-pdp?fmt=jpeg&qlt=70&resMode=sharp2&fit=crop,1&op_usm=0.6,0.6,8&wid=155&hei=155",568™ LOOSE STRAIGHT CARPENTER MEN'S JEANS
https://www.levi.com/US/en_US/clothing/men/jeans/loose/578-baggy-mens-jeans/p/A47500021,"https://lsco.scene7.com/is/image/lsco/A47500021-detail1-pdp?fmt=jpeg&qlt=70&resMode=sharp2&fit=crop,1&op_usm=0.6,0.6,8&wid=155&hei=155",578™ BAGGY MEN'S JEANS
https://www.levi.com/US/en_US/clothing/men/jeans/straight/501-93-straight-fit-selvedge-mens-jeans/p/798300356,"https://lsco.scene7.com/is/image/lsco/798300356-detail1-pdp?fmt=jpeg&qlt=70&resMode=sharp2&fit=crop,1&op_usm=0.6,0.6,8&wid=155&hei=155",501® '93 STRAIGHT FIT SELVEDGE MEN'S JEANS
https://www.levi.com/US/en_US/clothing/men/jeans/bootcut/517-bootcut-mens-jeans/p/005170244,"https://lsco.scene7.com/is/image/lsco/005170244-detail1-pdp?fmt=jpeg&qlt=70&resMode=sharp2&fit=crop,1&op_usm=0.6,0.6,8&wid=155&hei=155",517™ BOOTCUT MEN'S JEANS
https://www.levi.com/US/en_US/clothing/men/jeans/taper/502-taper-fit-mens-jeans/p/295071461,"https://lsco.scene7.com/is/image/lsco/295071461-detail1-pdp?fmt=jpeg&qlt=70&resMode=sharp2&fit=crop,1&op_usm=0.6,0.6,8&wid=155&hei=155",502™ TAPER FIT MEN'S JEANS
https://www.levi.com/US/en_US/clothing/men/jeans/taper/502-taper-fit-linen-denim-mens-jeans/p/295071636,"https://lsco.scene7.com/is/image/lsco/295071636-detail1-pdp?fmt=jpeg&qlt=70&resMode=sharp2&fit=crop,1&op_usm=0.6,0.6,8&wid=155&hei=155",502™ TAPER FIT LINEN+ DENIM MEN'S JEANS
https://www.levi.com/US/en_US/clothing/men/jeans/taper/502-taper-fit-selvedge-mens-jeans/p/295071449,"https://lsco.scene7.com/is/image/lsco/295071449-detail1-pdp?fmt=jpeg&qlt=70&resMode=sharp2&fit=crop,1&op_usm=0.6,0.6,8&wid=155&hei=155",502™ TAPER FIT SELVEDGE MEN'S JEANS
https://www.levi.com/US/en_US/clothing/men/jeans/taper/501-slim-taper-fit-selvedge-mens-jeans/p/288940269,"https://lsco.scene7.com/is/image/lsco/288940269-detail1-pdp?fmt=jpeg&qlt=70&resMode=sharp2&fit=crop,1&op_usm=0.6,0.6,8&wid=155&hei=155",501® SLIM TAPER FIT SELVEDGE MEN'S JEANS
https://www.levi.com/US/en_US/clothing/men/jeans/slim/511-slim-fit-selvedge-mens-jeans/p/045115839,"https://lsco.scene7.com/is/image/lsco/045115839-detail1-pdp?fmt=jpeg&qlt=70&resMode=sharp2&fit=crop,1&op_usm=0.6,0.6,8&wid=155&hei=155",511™ SLIM FIT SELVEDGE MEN'S JEANS
https://www.levi.com/US/en_US/clothing/men/jeans/taper/512-slim-taper-fit-selvedge-mens-jeans/p/288331432,"https://lsco.scene7.com/is/image/lsco/288331432-detail1-pdp?fmt=jpeg&qlt=70&resMode=sharp2&fit=crop,1&op_usm=0.6,0.6,8&wid=155&hei=155",512™ SLIM TAPER FIT SELVEDGE MEN'S JEANS
https://www.levi.com/US/en_US/clothing/men/jeans/straight/505-regular-fit-linen-denim-mens-jeans/p/005053087,"https://lsco.scene7.com/is/image/lsco/005053087-detail1-pdp?fmt=jpeg&qlt=70&resMode=sharp2&fit=crop,1&op_usm=0.6,0.6,8&wid=155&hei=155",505™ REGULAR FIT LINEN+ DENIM MEN'S JEANS
https://www.levi.com/US/en_US/clothing/men/jeans/slim/511-slim-fit-mens-jeans/p/045115835,"https://lsco.scene7.com/is/image/lsco/045115835-detail1-pdp?fmt=jpeg&qlt=70&resMode=sharp2&fit=crop,1&op_usm=0.6,0.6,8&wid=155&hei=155",511™ SLIM FIT MEN'S JEANS
https://www.levi.com/US/en_US/clothing/men/jeans/straight/501-original-fit-mens-jeans/p/005010134,"https://lsco.scene7.com/is/image/lsco/005010134-front-pdp?fmt=jpeg&qlt=70&resMode=sharp2&fit=crop,1&op_usm=0.6,0.6,8&wid=155&hei=155",501® ORIGINAL FIT MEN'S JEANS
https://www.levi.com/US/en_US/clothing/men/jeans/569-loose-straight-fit-mens-jeans/p/005690242,"https://lsco.scene7.com/is/image/lsco/005690242-front-pdp?fmt=jpeg&qlt=70&resMode=sharp2&fit=crop,1&op_usm=0.6,0.6,8&wid=155&hei=155",569™ LOOSE STRAIGHT FIT MEN'S JEANS
https://www.levi.com/US/en_US/jeans-by-fit-number/men/jeans/511/511-slim-fit-mens-jeans/p/045114655,"https://lsco.scene7.com/is/image/lsco/045114655-front-pdp?fmt=jpeg&qlt=70&resMode=sharp2&fit=crop,1&op_usm=0.6,0.6,8&wid=155&hei=155",511™ SLIM FIT MEN'S JEANS
https://www.levi.com/US/en_US/clothing/men/jeans/straight/514-straight-fit-mens-jeans/p/005140730,"https://lsco.scene7.com/is/image/lsco/005140730-side-pdp?fmt=jpeg&qlt=70&resMode=sharp2&fit=crop,1&op_usm=0.6,0.6,8&wid=155&hei=155",514™ STRAIGHT FIT MEN'S JEANS
https://www.levi.com/US/en_US/clothing/men/jeans/bootcut/527-slim-bootcut-mens-jeans/p/055270539,"https://lsco.scene7.com/is/image/lsco/055270539-side-pdp?fmt=jpeg&qlt=70&resMode=sharp2&fit=crop,1&op_usm=0.6,0.6,8&wid=155&hei=155",527™ SLIM BOOTCUT MEN'S JEANS
https://www.levi.com/US/en_US/clothing/men/jeans/straight/501-original-fit-lightweight-mens-jeans/p/005013612,"https://lsco.scene7.com/is/image/lsco/005013612-front-pdp?fmt=jpeg&qlt=70&resMode=sharp2&fit=crop,1&op_usm=0.6,0.6,8&wid=155&hei=155",501® ORIGINAL FIT LIGHTWEIGHT MEN'S JEANS
https://www.levi.com/US/en_US/clothing/men/jeans/loose/568-loose-straight-double-knee-mens-pants/p/A73670004,"https://lsco.scene7.com/is/image/lsco/A73670004-side-pdp?fmt=jpeg&qlt=70&resMode=sharp2&fit=crop,1&op_usm=0.6,0.6,8&wid=155&hei=155",568™ LOOSE STRAIGHT DOUBLE-KNEE MEN'S PANTS
https://www.levi.com/US/en_US/clothing/men/jeans/straight/501-original-fit-lightweight-mens-jeans/p/005013646,"https://lsco.scene7.com/is/image/lsco/005013646-detail1-pdp?fmt=jpeg&qlt=70&resMode=sharp2&fit=crop,1&op_usm=0.6,0.6,8&wid=155&hei=155",501® ORIGINAL FIT LIGHTWEIGHT MEN'S JEANS
https://www.levi.com/US/en_US/clothing/men/jeans/straight/505-regular-fit-mens-jeans/p/005050000,"https://lsco.scene7.com/is/image/lsco/005050000-detail1-pdp?fmt=jpeg&qlt=70&resMode=sharp2&fit=crop,1&op_usm=0.6,0.6,8&wid=155&hei=155",505™ REGULAR FIT MEN'S JEANS
https://www.levi.com/US/en_US/clothing/men/jeans/straight/501-93-straight-fit-mens-jeans/p/798300026,"https://lsco.scene7.com/is/image/lsco/798300026-back-pdp?fmt=jpeg&qlt=70&resMode=sharp2&fit=crop,1&op_usm=0.6,0.6,8&wid=155&hei=155",501® '93 STRAIGHT FIT MEN'S JEANS
https://www.levi.com/US/en_US/clothing/men/jeans/straight/505-regular-fit-authentic-soft-mens-jeans/p/005053036,"https://lsco.scene7.com/is/image/lsco/005053036-side-pdp?fmt=jpeg&qlt=70&resMode=sharp2&fit=crop,1&op_usm=0.6,0.6,8&wid=155&hei=155",505™ REGULAR FIT AUTHENTIC SOFT MEN'S JEANS
https://www.levi.com/US/en_US/clothing/men/jeans/taper/japanese-selvedge-512-slim-taper-fit-mens-jeans/p/A58770000,"https://lsco.scene7.com/is/image/lsco/A58770000-front-pdp?fmt=jpeg&qlt=70&resMode=sharp2&fit=crop,1&op_usm=0.6,0.6,8&wid=155&hei=155",JAPANESE SELVEDGE 512™ SLIM TAPER FIT MEN'S JEANS
https://www.levi.com/US/en_US/clothing/men/jeans/taper/made-in-japan-502-taper-fit-mens-jeans/p/A58810003,"https://lsco.scene7.com/is/image/lsco/A58810003-front-pdp?fmt=jpeg&qlt=70&resMode=sharp2&fit=crop,1&op_usm=0.6,0.6,8&wid=155&hei=155",MADE IN JAPAN 502™ TAPER FIT MEN'S JEANS
https://www.levi.com/US/en_US/clothing/men/jeans/relaxed/550-relaxed-fit-mens-jeans-big-tall/p/015504886,"https://lsco.scene7.com/is/image/lsco/015504886-front-pdp?fmt=jpeg&qlt=70&resMode=sharp2&fit=crop,1&op_usm=0.6,0.6,8&wid=155&hei=155",550™ RELAXED FIT MEN'S JEANS (BIG & TALL)
https://www.levi.com/US/en_US/clothing/men/pants/514-straight-fit-mens-pants/p/005141779,"https://lsco.scene7.com/is/image/lsco/005141779-side-pdp?fmt=jpeg&qlt=70&resMode=sharp2&fit=crop,1&op_usm=0.6,0.6,8&wid=155&hei=155",514™ STRAIGHT FIT MEN'S PANTS
https://www.levi.com/US/en_US/big-tall/jeans/541-athletic-taper-fit-mens-jeans-big-tall/p/187570081,"https://lsco.scene7.com/is/image/lsco/187570081-front-pdp?fmt=jpeg&qlt=70&resMode=sharp2&fit=crop,1&op_usm=0.6,0.6,8&wid=155&hei=155",541™ ATHLETIC TAPER FIT MEN'S JEANS (BIG & TALL)
https://www.levi.com/US/en_US/big-tall/505-regular-fit-mens-jeans-big-tall/p/045054886,"https://lsco.scene7.com/is/image/lsco/045054886-detail1-pdp?fmt=jpeg&qlt=70&resMode=sharp2&fit=crop,1&op_usm=0.6,0.6,8&wid=155&hei=155",505™ REGULAR FIT MEN'S JEANS (BIG & TALL)
https://www.levi.com/US/en_US/clothing/men/jeans/1947-501-original-fit-mens-jeans/p/475010225,"https://lsco.scene7.com/is/image/lsco/475010225-detail1-pdp?fmt=jpeg&qlt=70&resMode=sharp2&fit=crop,1&op_usm=0.6,0.6,8&wid=155&hei=155",1947 501® ORIGINAL FIT MEN'S JEANS
https://www.levi.com/US/en_US/clothing/men/jeans/straight/1890-xx501-original-fit-mens-jeans/p/905010022,"https://lsco.scene7.com/is/image/lsco/905010022-detail1-pdp?fmt=jpeg&qlt=70&resMode=sharp2&fit=crop,1&op_usm=0.6,0.6,8&wid=155&hei=155",1890 XX501® ORIGINAL FIT MEN'S JEANS
https://www.levi.com/US/en_US/clothing/men/jeans/loose/568-loose-straight-cargo-mens-jeans/p/000LP0002,"https://lsco.scene7.com/is/image/lsco/000LP0002-detail1-pdp?fmt=jpeg&qlt=70&resMode=sharp2&fit=crop,1&op_usm=0.6,0.6,8&wid=155&hei=155",568™ LOOSE STRAIGHT CARGO MEN'S JEANS
https://www.levi.com/US/en_US/clothing/men/pants/levis-xx-chino-authentic-straight-fit-lightweight-mens-pants/p/A57530035,"https://lsco.scene7.com/is/image/lsco/A57530035-detail1-pdp?fmt=jpeg&qlt=70&resMode=sharp2&fit=crop,1&op_usm=0.6,0.6,8&wid=155&hei=155",LEVI'S® XX CHINO AUTHENTIC STRAIGHT FIT LIGHTWEIGHT MEN'S PANTS
https://www.levi.com/US/en_US/clothing/men/jeans/loose/skateboarding-cropped-carpenter-mens-jeans/p/A57370006,"https://lsco.scene7.com/is/image/lsco/A57370006-detail1-pdp?fmt=jpeg&qlt=70&resMode=sharp2&fit=crop,1&op_usm=0.6,0.6,8&wid=155&hei=155",SKATEBOARDING CROPPED CARPENTER MEN'S JEANS
https://www.levi.com/US/en_US/big-tall/jeans/501-original-fit-mens-jeans-big-tall/p/115010062,"https://lsco.scene7.com/is/image/lsco/115010062-side-pdp?fmt=jpeg&qlt=70&resMode=sharp2&fit=crop,1&op_usm=0.6,0.6,8&wid=155&hei=155",501® ORIGINAL FIT MEN'S JEANS (BIG & TALL)
https://www.levi.com/US/en_US/clothing/men/jeans/1954-501-original-fit-mens-jeans/p/501540111,"https://lsco.scene7.com/is/image/lsco/501540111-detail1-pdp?fmt=jpeg&qlt=70&resMode=sharp2&fit=crop,1&op_usm=0.6,0.6,8&wid=155&hei=155",1954 501® ORIGINAL FIT MEN'S JEANS
https://www.levi.com/US/en_US/clothing/men/jeans/straight/1955-501-mens-jeans/p/501550093,"https://lsco.scene7.com/is/image/lsco/501550093-detail1-pdp?fmt=jpeg&qlt=70&resMode=sharp2&fit=crop,1&op_usm=0.6,0.6,8&wid=155&hei=155",1955 501® MEN'S JEANS
https://www.levi.com/US/en_US/clothing/men/made-in-japan-1980s-501-original-fit-mens-jeans/p/A44100003,"https://lsco.scene7.com/is/image/lsco/A44100003-detail1-pdp?fmt=jpeg&qlt=70&resMode=sharp2&fit=crop,1&op_usm=0.6,0.6,8&wid=155&hei=155",MADE IN JAPAN 1980'S 501® ORIGINAL FIT MEN'S JEANS
https://www.levi.com/US/en_US/clothing/men/jeans/taper/501-slim-taper-fit-selvedge-mens-jeans/p/288940254,"https://lsco.scene7.com/is/image/lsco/288940254-detail1-pdp?fmt=jpeg&qlt=70&resMode=sharp2&fit=crop,1&op_usm=0.6,0.6,8&wid=155&hei=155",501® SLIM TAPER FIT SELVEDGE MEN'S JEANS
https://www.levi.com/US/en_US/clothing/men/jeans/relaxed/567-relaxed-flare-mens-jeans/p/A86300006,"https://lsco.scene7.com/is/image/lsco/A86300006-detail1-pdp?fmt=jpeg&qlt=70&resMode=sharp2&fit=crop,1&op_usm=0.6,0.6,8&wid=155&hei=155",567™ RELAXED FLARE MEN'S JEANS
https://www.levi.com/US/en_US/clothing/men/jeans/slim/511-slim-fit-authentic-soft-mens-jeans/p/045115834,"https://lsco.scene7.com/is/image/lsco/045115834-detail1-pdp?fmt=jpeg&qlt=70&resMode=sharp2&fit=crop,1&op_usm=0.6,0.6,8&wid=155&hei=155",511™ SLIM FIT AUTHENTIC SOFT MEN'S JEANS
https://www.levi.com/US/en_US/levis-vintage-clothing/levis-vintage-clothing-for-men/1967-505-regular-fit-mens-jeans/p/675050130,"https://lsco.scene7.com/is/image/lsco/675050130-back-pdp?fmt=jpeg&qlt=70&resMode=sharp2&fit=crop,1&op_usm=0.6,0.6,8&wid=155&hei=155",1967 505® REGULAR FIT MEN'S JEANS
https://www.levi.com/US/en_US/clothing/men/jeans/taper/541-athletic-taper-all-seasons-mens-pants/p/181810532,"https://lsco.scene7.com/is/image/lsco/181810532-side-pdp?fmt=jpeg&qlt=70&resMode=sharp2&fit=crop,1&op_usm=0.6,0.6,8&wid=155&hei=155",541™ ATHLETIC TAPER ALL SEASONS MEN'S PANTS
https://www.levi.com/US/en_US/big-tall/jeans/501-shrink-to-fit-mens-jeans-big-tall/p/115010000,"https://lsco.scene7.com/is/image/lsco/115010000-side-pdp?fmt=jpeg&qlt=70&resMode=sharp2&fit=crop,1&op_usm=0.6,0.6,8&wid=155&hei=155",501® SHRINK-TO-FIT™ MEN'S JEANS (BIG & TALL)
https://www.levi.com/US/en_US/clothing/men/jeans/taper/502-taper-fit-mens-jeans-big-tall/p/596840121,"https://lsco.scene7.com/is/image/lsco/596840121-side-pdp?fmt=jpeg&qlt=70&resMode=sharp2&fit=crop,1&op_usm=0.6,0.6,8&wid=155&hei=155",502™ TAPER FIT MEN'S JEANS (BIG & TALL)
https://www.levi.com/US/en_US/clothing/men/jeans/relaxed/levis-skateboarding-baggy-5-pocket-mens-jeans/p/A23160005,"https://lsco.scene7.com/is/image/lsco/A23160005-detail1-pdp?fmt=jpeg&qlt=70&resMode=sharp2&fit=crop,1&op_usm=0.6,0.6,8&wid=155&hei=155",LEVI'S® SKATEBOARDING™ BAGGY 5 POCKET MEN'S JEANS
https://www.levi.com/US/en_US/clothing/men/jeans/loose/levis-skateboarding-super-baggy-mens-jeans/p/A42980008,"https://lsco.scene7.com/is/image/lsco/A42980008-detail1-pdp?fmt=jpeg&qlt=70&resMode=sharp2&fit=crop,1&op_usm=0.6,0.6,8&wid=155&hei=155",LEVI'S® SKATEBOARDING SUPER BAGGY MEN'S JEANS
https://www.levi.com/US/en_US/clothing/men/jeans/straight/levis-skateboarding-501-original-fit-mens-jeans/p/596920039,"https://lsco.scene7.com/is/image/lsco/596920039-detail1-pdp?fmt=jpeg&qlt=70&resMode=sharp2&fit=crop,1&op_usm=0.6,0.6,8&wid=155&hei=155",LEVI'S® SKATEBOARDING 501® ORIGINAL FIT MEN'S JEANS
https://www.levi.com/US/en_US/clothing/men/jeans/taper/512-slim-taper-fit-mens-jeans/p/288331248,"https://lsco.scene7.com/is/image/lsco/288331248-side-pdp?fmt=jpeg&qlt=70&resMode=sharp2&fit=crop,1&op_usm=0.6,0.6,8&wid=155&hei=155",512™ SLIM TAPER FIT MEN'S JEANS
https://www.levi.com/US/en_US/clothing/men/jeans/relaxed/559-relaxed-straight-fit-mens-jeans-big-tall/p/015592765,"https://lsco.scene7.com/is/image/lsco/015592765-side-pdp?fmt=jpeg&qlt=70&resMode=sharp2&fit=crop,1&op_usm=0.6,0.6,8&wid=155&hei=155",559™ RELAXED STRAIGHT FIT MEN'S JEANS (BIG & TALL)
https://www.levi.com/US/en_US/big-tall/jeans/511-slim-fit-mens-jeans-big-tall/p/A36530000,"https://lsco.scene7.com/is/image/lsco/A36530000-side-pdp?fmt=jpeg&qlt=70&resMode=sharp2&fit=crop,1&op_usm=0.6,0.6,8&wid=155&hei=155",511™ SLIM FIT MEN'S JEANS (BIG & TALL)
https://www.levi.com/US/en_US/levis-vintage-clothing/levis-vintage-clothing-for-men/1955-501-original-fit-mens-jeans/p/501550080,"https://lsco.scene7.com/is/image/lsco/501550080-detail1-pdp?fmt=jpeg&qlt=70&resMode=sharp2&fit=crop,1&op_usm=0.6,0.6,8&wid=155&hei=155",1955 501® ORIGINAL FIT MEN'S JEANS
https://www.levi.com/US/en_US/levis-vintage-clothing/levis-vintage-clothing-for-men/1944-501-original-fit-mens-jeans/p/445010088,"https://lsco.scene7.com/is/image/lsco/445010088-side-pdp?fmt=jpeg&qlt=70&resMode=sharp2&fit=crop,1&op_usm=0.6,0.6,8&wid=155&hei=155",1944 501® ORIGINAL FIT MEN'S JEANS
https://www.levi.com/US/en_US/clothing/men/jeans/straight/505-regular-fit-corduroy-mens-jeans/p/005053002,"https://lsco.scene7.com/is/image/lsco/005053002-side-pdp?fmt=jpeg&qlt=70&resMode=sharp2&fit=crop,1&op_usm=0.6,0.6,8&wid=155&hei=155",505™ REGULAR FIT CORDUROY MEN'S JEANS
https://www.levi.com/US/en_US/levis-vintage-clothing/levis-vintage-clothing-for-men/levis-vintage-clothing-mens-1910s-lot-333-jeans/p/000P60000,"https://lsco.scene7.com/is/image/lsco/000P60000-detail1-pdp?fmt=jpeg&qlt=70&resMode=sharp2&fit=crop,1&op_usm=0.6,0.6,8&wid=155&hei=155",LEVI'S® VINTAGE CLOTHING MEN'S 1910S LOT 333 JEANS
https://www.levi.com/US/en_US/levis-vintage-clothing/levis-vintage-clothing-for-men/1966-501-original-fit-mens-jeans/p/665010146,"https://lsco.scene7.com/is/image/lsco/665010146-side-pdp?fmt=jpeg&qlt=70&resMode=sharp2&fit=crop,1&op_usm=0.6,0.6,8&wid=155&hei=155",1966 501® ORIGINAL FIT MEN'S JEANS
https://www.levi.com/US/en_US/levis-vintage-clothing/levis-vintage-clothing-for-men/1937-501-original-fit-mens-jeans/p/375010018,"https://lsco.scene7.com/is/image/lsco/375010018-detail1-pdp?fmt=jpeg&qlt=70&resMode=sharp2&fit=crop,1&op_usm=0.6,0.6,8&wid=155&hei=155",1937 501® ORIGINAL FIT MEN'S JEANS
https://www.levi.com/US/en_US/levis-vintage-clothing/levis-vintage-clothing-for-men/1955-customized-501-mens-jeans/p/501550098,"https://lsco.scene7.com/is/image/lsco/501550098-detail1-pdp?fmt=jpeg&qlt=70&resMode=sharp2&fit=crop,1&op_usm=0.6,0.6,8&wid=155&hei=155",1955 CUSTOMIZED 501® MEN'S JEANS
https://www.levi.com/US/en_US/clothing/men/jeans/straight/made-in-japan-1980s-501-original-fit-mens-jeans/p/A58750000,"https://lsco.scene7.com/is/image/lsco/A58750000-front-pdp?fmt=jpeg&qlt=70&resMode=sharp2&fit=crop,1&op_usm=0.6,0.6,8&wid=155&hei=155",MADE IN JAPAN 1980'S 501® ORIGINAL FIT MEN'S JEANS
https://www.levi.com/US/en_US/clothing/men/jeans/straight/505-regular-fit-corduroy-mens-jeans/p/005051397,"https://lsco.scene7.com/is/image/lsco/005051397-side-pdp?fmt=jpeg&qlt=70&resMode=sharp2&fit=crop,1&op_usm=0.6,0.6,8&wid=155&hei=155",505™ REGULAR FIT CORDUROY MEN'S JEANS
https://www.levi.com/US/en_US/clothing/men/jeans/taper/512-slim-taper-fit-mens-jeans-big-tall/p/165240045,"https://lsco.scene7.com/is/image/lsco/165240045-detail1-pdp?fmt=jpeg&qlt=70&resMode=sharp2&fit=crop,1&op_usm=0.6,0.6,8&wid=155&hei=155",512™ SLIM TAPER FIT MEN'S JEANS (BIG & TALL)
https://www.levi.com/US/en_US/clothing/men/jeans/taper/512-slim-taper-fit-mens-jeans/p/288331183,"https://lsco.scene7.com/is/image/lsco/288331183-detail1-pdp?fmt=jpeg&qlt=70&resMode=sharp2&fit=crop,1&op_usm=0.6,0.6,8&wid=155&hei=155",512™ SLIM TAPER FIT MEN'S JEANS
https://www.levi.com/US/en_US/clothing/men/jeans/skinny/510-skinny-fit-mens-jeans/p/055101320,"https://lsco.scene7.com/is/image/lsco/055101320-detail1-pdp-lse?fmt=jpeg&qlt=70&resMode=sharp2&fit=crop,1&op_usm=0.6,0.6,8&wid=155&hei=155",510™ SKINNY FIT MEN'S JEANS
https://www.levi.com/US/en_US/clothing/men/jeans/straight/501-original-fit-mens-jeans-big-tall/p/115010167,"https://lsco.scene7.com/is/image/lsco/115010167-back-pdp?fmt=jpeg&qlt=70&resMode=sharp2&fit=crop,1&op_usm=0.6,0.6,8&wid=155&hei=155",501® ORIGINAL FIT MEN'S JEANS (BIG & TALL)
https://www.levi.com/US/en_US/clothing/men/jeans/relaxed/555-relaxed-straight-utility-mens-jeans/p/A92340004,"https://lsco.scene7.com/is/image/lsco/A92340004-detail1-pdp?fmt=jpeg&qlt=70&resMode=sharp2&fit=crop,1&op_usm=0.6,0.6,8&wid=155&hei=155",555™ RELAXED STRAIGHT UTILITY MEN'S JEANS
https://www.levi.com/US/en_US/clothing/men/jeans/straight/501-original-fit-plant-based-mens-jeans/p/005013477,,
https://www.levi.com/US/en_US/clothing/men/jeans/straight/501-original-fit-mens-jeans/p/005010536,"https://lsco.scene7.com/is/image/lsco/005013408-front-pdp?fmt=jpeg&qlt=70&resMode=sharp2&fit=crop,1&op_usm=0.6,0.6,8&wid=155&hei=155",501® ORIGINAL FIT MEN'S JEANS
https://www.levi.com/US/en_US/jeans-by-fit-number/men/jeans/505/505-regular-fit-stretch-mens-jeans/p/005051649,"https://lsco.scene7.com/is/image/lsco/005051649-front-pdp?fmt=jpeg&qlt=70&resMode=sharp2&fit=crop,1&op_usm=0.6,0.6,8&wid=155&hei=155",505™ REGULAR FIT STRETCH MEN'S JEANS
https://www.levi.com/US/en_US/jeans-by-fit-number/men/jeans/511/511-slim-fit-mens-jeans/p/045113623,"https://lsco.scene7.com/is/image/lsco/045113623-side-pdp?fmt=jpeg&qlt=70&resMode=sharp2&fit=crop,1&op_usm=0.6,0.6,8&wid=155&hei=155",511™ SLIM FIT MEN'S JEANS
https://www.levi.com/US/en_US/501-campaign/501-original-fit-hemmed-9-mens-shorts/p/365120246,"https://lsco.scene7.com/is/image/lsco/365120246-detail1-pdp-lse?fmt=jpeg&qlt=70&resMode=sharp2&fit=crop,1&op_usm=0.6,0.6,8&wid=155&hei=155","501® ORIGINAL FIT HEMMED 9"" MEN'S SHORTS"
https://www.levi.com/US/en_US/clothing/men/jeans/taper/541-athletic-taper-fit-levis-flex-mens-jeans/p/181810721,"https://lsco.scene7.com/is/image/lsco/181810721-side-pdp?fmt=jpeg&qlt=70&resMode=sharp2&fit=crop,1&op_usm=0.6,0.6,8&wid=155&hei=155",541™ ATHLETIC TAPER FIT LEVI'S® FLEX MEN'S JEANS
https://www.levi.com/US/en_US/clothing/men/jeans/straight/501-93-straight-fit-mens-jeans/p/798300263,"https://lsco.scene7.com/is/image/lsco/798300263-side-pdp?fmt=jpeg&qlt=70&resMode=sharp2&fit=crop,1&op_usm=0.6,0.6,8&wid=155&hei=155",501® '93 STRAIGHT FIT MEN'S JEANS
https://www.levi.com/US/en_US/clothing/men/jeans/straight/501-original-fit-mens-jeans/p/005010114,"https://lsco.scene7.com/is/image/lsco/005010193-front-pdp?fmt=jpeg&qlt=70&resMode=sharp2&fit=crop,1&op_usm=0.6,0.6,8&wid=155&hei=155",501® ORIGINAL FIT MEN'S JEANS
https://www.levi.com/US/en_US/clothing/men/jeans/taper/541-athletic-taper-mens-jeans/p/181810550,"https://lsco.scene7.com/is/image/lsco/181810550-front-pdp?fmt=jpeg&qlt=70&resMode=sharp2&fit=crop,1&op_usm=0.6,0.6,8&wid=155&hei=155",541™ ATHLETIC TAPER MEN'S JEANS
https://www.levi.com/US/en_US/clothing/men/jeans/taper/502-taper-fit-mens-jeans/p/295070639,"https://lsco.scene7.com/is/image/lsco/295070639-side-pdp?fmt=jpeg&qlt=70&resMode=sharp2&fit=crop,1&op_usm=0.6,0.6,8&wid=155&hei=155",502™ TAPER FIT MEN'S JEANS
https://www.levi.com/US/en_US/clothing/men/jeans/straight/501-original-fit-selvedge-mens-jeans/p/005013516,"https://lsco.scene7.com/is/image/lsco/005013654-detail1-pdp?fmt=jpeg&qlt=70&resMode=sharp2&fit=crop,1&op_usm=0.6,0.6,8&wid=155&hei=155",501® ORIGINAL FIT SELVEDGE MEN'S JEANS
https://www.levi.com/US/en_US/clothing/men/jeans/straight/514-straight-fit-mens-jeans/p/005141683,"https://lsco.scene7.com/is/image/lsco/005141683-detail1-pdp?fmt=jpeg&qlt=70&resMode=sharp2&fit=crop,1&op_usm=0.6,0.6,8&wid=155&hei=155",514™ STRAIGHT FIT MEN'S JEANS
https://www.levi.com/US/en_US/clothing/men/jeans/bootcut/517-bootcut-mens-jeans/p/005170246,"https://lsco.scene7.com/is/image/lsco/005170246-detail1-pdp?fmt=jpeg&qlt=70&resMode=sharp2&fit=crop,1&op_usm=0.6,0.6,8&wid=155&hei=155",517™ BOOTCUT MEN'S JEANS
https://www.levi.com/US/en_US/clothing/men/pants/514-straight-fit-mens-pants/p/005141780,"https://lsco.scene7.com/is/image/lsco/005141780-side-pdp?fmt=jpeg&qlt=70&resMode=sharp2&fit=crop,1&op_usm=0.6,0.6,8&wid=155&hei=155",514™ STRAIGHT FIT MEN'S PANTS
https://www.levi.com/US/en_US/clothing/men/jeans/taper/541-athletic-taper-all-seasons-mens-pants/p/181810720,"https://lsco.scene7.com/is/image/lsco/181810720-side-pdp?fmt=jpeg&qlt=70&resMode=sharp2&fit=crop,1&op_usm=0.6,0.6,8&wid=155&hei=155",541™ ATHLETIC TAPER ALL SEASONS MEN'S PANTS
https://www.levi.com/US/en_US/jeans-by-fit-number/men/jeans/512/512-slim-taper-fit-mens-jeans/p/288330457,"https://lsco.scene7.com/is/image/lsco/288330457-side-pdp?fmt=jpeg&qlt=70&resMode=sharp2&fit=crop,1&op_usm=0.6,0.6,8&wid=155&hei=155",512™ SLIM TAPER FIT MEN'S JEANS
https://www.levi.com/US/en_US/clothing/men/jeans/taper/502-taper-fit-mens-jeans/p/295071339,"https://lsco.scene7.com/is/image/lsco/295071339-detail1-pdp-lse?fmt=jpeg&qlt=70&resMode=sharp2&fit=crop,1&op_usm=0.6,0.6,8&wid=155&hei=155",502™ TAPER FIT MEN'S JEANS
https://www.levi.com/US/en_US/clothing/men/jeans/straight/501-54-original-fit-mens-jeans/p/A46770006,"https://lsco.scene7.com/is/image/lsco/A46770006-detail1-pdp?fmt=jpeg&qlt=70&resMode=sharp2&fit=crop,1&op_usm=0.6,0.6,8&wid=155&hei=155",501® '54 ORIGINAL FIT MEN'S JEANS
https://www.levi.com/US/en_US/clothing/men/jeans/slim/511-slim-fit-mens-jeans-big-tall/p/A36530007,"https://lsco.scene7.com/is/image/lsco/A36530007-side-pdp?fmt=jpeg&qlt=70&resMode=sharp2&fit=crop,1&op_usm=0.6,0.6,8&wid=155&hei=155",511™ SLIM FIT MEN'S JEANS (BIG & TALL)
https://www.levi.com/US/en_US/clothing/men/jeans/straight/514-straight-fit-mens-jeans/p/005140831,"https://lsco.scene7.com/is/image/lsco/005141537-side-pdp?fmt=jpeg&qlt=70&resMode=sharp2&fit=crop,1&op_usm=0.6,0.6,8&wid=155&hei=155",514™ STRAIGHT FIT MEN'S JEANS
https://www.levi.com/US/en_US/clothing/men/jeans/bootcut/527-slim-bootcut-mens-jeans/p/055270672,"https://lsco.scene7.com/is/image/lsco/055270672-detail1-pdp?fmt=jpeg&qlt=70&resMode=sharp2&fit=crop,1&op_usm=0.6,0.6,8&wid=155&hei=155",527™ SLIM BOOTCUT MEN'S JEANS
https://www.levi.com/US/en_US/clothing/men/jeans/relaxed/550-relaxed-fit-mens-jeans/p/005500117,"https://lsco.scene7.com/is/image/lsco/005500117-side-pdp?fmt=jpeg&qlt=70&resMode=sharp2&fit=crop,1&op_usm=0.6,0.6,8&wid=155&hei=155",550™ RELAXED FIT MEN'S JEANS
https://www.levi.com/US/en_US/clothing/men/jeans/straight/506-comfort-straight-fit-mens-jeans/p/A77000003,"https://lsco.scene7.com/is/image/lsco/A77000003-side-pdp?fmt=jpeg&qlt=70&resMode=sharp2&fit=crop,1&op_usm=0.6,0.6,8&wid=155&hei=155",506® COMFORT STRAIGHT FIT MEN'S JEANS
https://www.levi.com/US/en_US/clothing/men/jeans/slim/511-slim-fit-mens-jeans/p/045111390,"https://lsco.scene7.com/is/image/lsco/045111390-side-pdp?fmt=jpeg&qlt=70&resMode=sharp2&fit=crop,1&op_usm=0.6,0.6,8&wid=155&hei=155",511™ SLIM FIT MEN'S JEANS
https://www.levi.com/US/en_US/clothing/men/jeans/559-relaxed-straight-fit-mens-jeans-big-tall/p/015590099,"https://lsco.scene7.com/is/image/lsco/015590099-side-pdp?fmt=jpeg&qlt=70&resMode=sharp2&fit=crop,1&op_usm=0.6,0.6,8&wid=155&hei=155",559™ RELAXED STRAIGHT FIT MEN'S JEANS (BIG & TALL)
https://www.levi.com/US/en_US/clothing/men/jeans/skinny/510-skinny-fit-mens-jeans/p/055100692,"https://lsco.scene7.com/is/image/lsco/055100692-side-pdp?fmt=jpeg&qlt=70&resMode=sharp2&fit=crop,1&op_usm=0.6,0.6,8&wid=155&hei=155",510™ SKINNY FIT MEN'S JEANS
https://www.levi.com/US/en_US/clothing/men/jeans/straight/circular-501-original-fit-mens-jeans/p/005013632,"https://lsco.scene7.com/is/image/lsco/005013632-detail1-pdp-lse?fmt=jpeg&qlt=70&resMode=sharp2&fit=crop,1&op_usm=0.6,0.6,8&wid=155&hei=155",CIRCULAR 501® ORIGINAL FIT MEN'S JEANS
https://www.levi.com/US/en_US/clothing/men/jeans/slim/511-slim-fit-mens-jeans/p/045115548,"https://lsco.scene7.com/is/image/lsco/045115548-detail1-pdp-lse?fmt=jpeg&qlt=70&resMode=sharp2&fit=crop,1&op_usm=0.6,0.6,8&wid=155&hei=155",511™ SLIM FIT MEN'S JEANS
https://www.levi.com/US/en_US/clothing/men/jeans/slim/511-slim-fit-corduroy-mens-jeans/p/045115799,"https://lsco.scene7.com/is/image/lsco/045115799-detail1-pdp-lse?fmt=jpeg&qlt=70&resMode=sharp2&fit=crop,1&op_usm=0.6,0.6,8&wid=155&hei=155",511™ SLIM FIT CORDUROY MEN'S JEANS
https://www.levi.com/US/en_US/clothing/men/jeans/loose/568-loose-straight-corduroy-mens-jeans/p/290370076,"https://lsco.scene7.com/is/image/lsco/290370076-detail1-pdp?fmt=jpeg&qlt=70&resMode=sharp2&fit=crop,1&op_usm=0.6,0.6,8&wid=155&hei=155",568™ LOOSE STRAIGHT CORDUROY MEN'S JEANS
https://www.levi.com/US/en_US/clothing/men/jeans/slim/511-slim-fit-corduroy-mens-jeans/p/045116003,"https://lsco.scene7.com/is/image/lsco/045116003-detail1-pdp?fmt=jpeg&qlt=70&resMode=sharp2&fit=crop,1&op_usm=0.6,0.6,8&wid=155&hei=155",511™ SLIM FIT CORDUROY MEN'S JEANS
https://www.levi.com/US/en_US/clothing/men/jeans/loose/568-loose-straight-mens-jeans/p/290370054,"https://lsco.scene7.com/is/image/lsco/290370059-detail1-pdp?fmt=jpeg&qlt=70&resMode=sharp2&fit=crop,1&op_usm=0.6,0.6,8&wid=155&hei=155",568™ LOOSE STRAIGHT MEN'S JEANS
https://www.levi.com/US/en_US/clothing/men/jeans/slim/511-slim-fit-mens-jeans/p/045115945,"https://lsco.scene7.com/is/image/lsco/045115945-detail1-pdp?fmt=jpeg&qlt=70&resMode=sharp2&fit=crop,1&op_usm=0.6,0.6,8&wid=155&hei=155",511™ SLIM FIT MEN'S JEANS
https://www.levi.com/US/en_US/clothing/men/jeans/taper/512-slim-taper-fit-selvedge-mens-jeans/p/288331215,"https://lsco.scene7.com/is/image/lsco/288331215-detail1-pdp?fmt=jpeg&qlt=70&resMode=sharp2&fit=crop,1&op_usm=0.6,0.6,8&wid=155&hei=155",512™ SLIM TAPER FIT SELVEDGE MEN'S JEANS
https://www.levi.com/US/en_US/clothing/men/jeans/taper/502-taper-fit-selvedge-mens-jeans/p/295071347,"https://lsco.scene7.com/is/image/lsco/295071347-detail1-pdp-lse?fmt=jpeg&qlt=70&resMode=sharp2&fit=crop,1&op_usm=0.6,0.6,8&wid=155&hei=155",502™ TAPER FIT SELVEDGE MEN'S JEANS
https://www.levi.com/US/en_US/clothing/men/jeans/relaxed/555-relaxed-straight-transitional-cotton-mens-jeans/p/000LO0007,"https://lsco.scene7.com/is/image/lsco/000LO0007-detail1-pdp?fmt=jpeg&qlt=70&resMode=sharp2&fit=crop,1&op_usm=0.6,0.6,8&wid=155&hei=155",555™ RELAXED STRAIGHT TRANSITIONAL COTTON MEN'S JEANS
https://www.levi.com/US/en_US/clothing/men/jeans/taper/501-slim-taper-fit-mens-jeans/p/288940266,"https://lsco.scene7.com/is/image/lsco/288940266-detail1-pdp?fmt=jpeg&qlt=70&resMode=sharp2&fit=crop,1&op_usm=0.6,0.6,8&wid=155&hei=155",501® SLIM TAPER FIT MEN'S JEANS
https://www.levi.com/US/en_US/clothing/men/jeans/straight/505-regular-fit-mens-jeans/p/005051555,"https://lsco.scene7.com/is/image/lsco/005051555-back-pdp?fmt=jpeg&qlt=70&resMode=sharp2&fit=crop,1&op_usm=0.6,0.6,8&wid=155&hei=155",505™ REGULAR FIT MEN'S JEANS
https://www.levi.com/US/en_US/clothing/men/jeans/taper/501-slim-taper-fit-mens-jeans/p/288940256,"https://lsco.scene7.com/is/image/lsco/288940256-detail1-pdp?fmt=jpeg&qlt=70&resMode=sharp2&fit=crop,1&op_usm=0.6,0.6,8&wid=155&hei=155",501® SLIM TAPER FIT MEN'S JEANS
https://www.levi.com/US/en_US/clothing/men/jeans/relaxed/levis-skateboarding-super-baggy-jeans/p/A42980003,"https://lsco.scene7.com/is/image/lsco/A42980003-front-pdp?fmt=jpeg&qlt=70&resMode=sharp2&fit=crop,1&op_usm=0.6,0.6,8&wid=155&hei=155",LEVI'S® SKATEBOARDING™ SUPER BAGGY JEANS
https://www.levi.com/US/en_US/clothing/men/jeans/slim/511-slim-fit-authentic-soft-mens-jeans/p/045115832,"https://lsco.scene7.com/is/image/lsco/045115832-detail1-pdp?fmt=jpeg&qlt=70&resMode=sharp2&fit=crop,1&op_usm=0.6,0.6,8&wid=155&hei=155",511™ SLIM FIT AUTHENTIC SOFT MEN'S JEANS
https://www.levi.com/US/en_US/clothing/men/jeans/straight/505-regular-fit-authentic-soft-mens-jeans/p/005053035,"https://lsco.scene7.com/is/image/lsco/005053035-side-pdp?fmt=jpeg&qlt=70&resMode=sharp2&fit=crop,1&op_usm=0.6,0.6,8&wid=155&hei=155",505™ REGULAR FIT AUTHENTIC SOFT MEN'S JEANS
https://www.levi.com/US/en_US/501-campaign/501-original-fit-patchwork-mens-jeans/p/005013598,"https://lsco.scene7.com/is/image/lsco/005013598-detail1-pdp?fmt=jpeg&qlt=70&resMode=sharp2&fit=crop,1&op_usm=0.6,0.6,8&wid=155&hei=155",501® ORIGINAL FIT PATCHWORK MEN'S JEANS
https://www.levi.com/US/en_US/clothing/men/jeans/relaxed/555-relaxed-straight-mens-jeans/p/000LO0008,"https://lsco.scene7.com/is/image/lsco/000LO0008-detail1-pdp?fmt=jpeg&qlt=70&resMode=sharp2&fit=crop,1&op_usm=0.6,0.6,8&wid=155&hei=155",555™ RELAXED STRAIGHT MEN'S JEANS
https://www.levi.com/US/en_US/clothing/men/jeans/straight/501-original-fit-lightweight-mens-jeans/p/005013523,"https://lsco.scene7.com/is/image/lsco/005013523-detail1-pdp?fmt=jpeg&qlt=70&resMode=sharp2&fit=crop,1&op_usm=0.6,0.6,8&wid=155&hei=155",501® ORIGINAL FIT LIGHTWEIGHT MEN'S JEANS
https://www.levi.com/US/en_US/clothing/men/jeans/straight/505-regular-fit-mens-jeans/p/005052627,"https://lsco.scene7.com/is/image/lsco/005052627-detail1-pdp-lse?fmt=jpeg&qlt=70&resMode=sharp2&fit=crop,1&op_usm=0.6,0.6,8&wid=155&hei=155",505™ REGULAR FIT MEN'S JEANS
https://www.levi.com/US/en_US/clothing/men/jeans/straight/505-regular-fit-mens-jeans-big-tall/p/045050025,"https://lsco.scene7.com/is/image/lsco/045050025-side-pdp?fmt=jpeg&qlt=70&resMode=sharp2&fit=crop,1&op_usm=0.6,0.6,8&wid=155&hei=155",505™ REGULAR FIT MEN'S JEANS (BIG & TALL)
https://www.levi.com/US/en_US/clothing/men/jeans/559-relaxed-straight-fit-mens-jeans/p/005590598,"https://lsco.scene7.com/is/image/lsco/005590598-side-pdp?fmt=jpeg&qlt=70&resMode=sharp2&fit=crop,1&op_usm=0.6,0.6,8&wid=155&hei=155",559™ RELAXED STRAIGHT FIT MEN'S JEANS
https://www.levi.com/US/en_US/sale/mens-sale/jeans/502-taper-fit-mens-jeans/p/295070100,"https://lsco.scene7.com/is/image/lsco/295070100-back-pdp?fmt=jpeg&qlt=70&resMode=sharp2&fit=crop,1&op_usm=0.6,0.6,8&wid=155&hei=155",502™ TAPER FIT MEN'S JEANS
https://www.levi.com/US/en_US/levis-wellthread/levis-wellthread-mens-555-relaxed-straight-jeans/p/000RZ0000,"https://lsco.scene7.com/is/image/lsco/000RZ0000-detail1-pdp?fmt=jpeg&qlt=70&resMode=sharp2&fit=crop,1&op_usm=0.6,0.6,8&wid=155&hei=155",LEVI'S® WELLTHREAD® MEN'S 555™ RELAXED STRAIGHT JEANS
https://www.levi.com/US/en_US/clothing/men/jeans/loose/568-loose-straight-carpenter-corduroy-mens-pants/p/558490056,"https://lsco.scene7.com/is/image/lsco/558490056-side-pdp?fmt=jpeg&qlt=70&resMode=sharp2&fit=crop,1&op_usm=0.6,0.6,8&wid=155&hei=155",568™ LOOSE STRAIGHT CARPENTER CORDUROY MEN'S PANTS
https://www.levi.com/US/en_US/made-in-japan/made-in-japan/levis-mens-made-in-japan-505-jeans/p/A58780004,"https://lsco.scene7.com/is/image/lsco/A58780004-detail1-pdp?fmt=jpeg&qlt=70&resMode=sharp2&fit=crop,1&op_usm=0.6,0.6,8&wid=155&hei=155",LEVI’S® MEN’S MADE IN JAPAN 505™ JEANS
https://www.levi.com/US/en_US/sale/mens-sale/jeans/527-slim-bootcut-mens-jeans/p/055270239,"https://lsco.scene7.com/is/image/lsco/055270239-side-pdp?fmt=jpeg&qlt=70&resMode=sharp2&fit=crop,1&op_usm=0.6,0.6,8&wid=155&hei=155",527™ SLIM BOOTCUT MEN'S JEANS
https://www.levi.com/US/en_US/clothing/men/jeans/loose/568-loose-straight-carpenter-mens-pants/p/558490057,"https://lsco.scene7.com/is/image/lsco/558490057-side-pdp?fmt=jpeg&qlt=70&resMode=sharp2&fit=crop,1&op_usm=0.6,0.6,8&wid=155&hei=155",568™ LOOSE STRAIGHT CARPENTER MEN'S PANTS
https://www.levi.com/US/en_US/clothing/men/jeans/slim/511-slim-fit-mens-jeans-big-tall/p/A36530007,"https://lsco.scene7.com/is/image/lsco/A36530007-side-pdp?fmt=jpeg&qlt=70&resMode=sharp2&fit=crop,1&op_usm=0.6,0.6,8&wid=155&hei=155",511™ SLIM FIT MEN'S JEANS (BIG & TALL)
https://www.levi.com/US/en_US/clothing/women/jeans/bootcut/ribcage-wide-leg-womens-jeans/p/A60810012,"https://lsco.scene7.com/is/image/lsco/A60810012-hyunser-26-detail1-pdp?fmt=jpeg&qlt=70&resMode=sharp2&fit=crop,1&op_usm=0.6,0.6,8&wid=155&hei=155",RIBCAGE WIDE LEG WOMEN'S JEANS
https://www.levi.com/US/en_US/clothing/women/jeans/straight/501-90s-lightweight-womens-jeans/p/A84210004,"https://lsco.scene7.com/is/image/lsco/A84210004-detail1-pdp?fmt=jpeg&qlt=70&resMode=sharp2&fit=crop,1&op_usm=0.6,0.6,8&wid=155&hei=155",501® '90S LIGHTWEIGHT WOMEN'S JEANS
https://www.levi.com/US/en_US/clothing/women/jeans/loose/low-loose-womens-jeans/p/A55660012,"https://lsco.scene7.com/is/image/lsco/A55660012-detail1-pdp?fmt=jpeg&qlt=70&resMode=sharp2&fit=crop,1&op_usm=0.6,0.6,8&wid=155&hei=155",LOW LOOSE WOMEN'S JEANS
https://www.levi.com/US/en_US/clothing/women/jeans/straight/501-original-fit-womens-jeans/p/125010415,"https://lsco.scene7.com/is/image/lsco/125010415-natalie-27-detail1-pdp?fmt=jpeg&qlt=70&resMode=sharp2&fit=crop,1&op_usm=0.6,0.6,8&wid=155&hei=155",501® ORIGINAL FIT WOMEN'S JEANS
https://www.levi.com/US/en_US/clothing/women/jeans/ribcage-straight-ankle-womens-jeans/p/726930218,"https://lsco.scene7.com/is/image/lsco/726930218-hyunser-26-detail1-pdp?fmt=jpeg&qlt=70&resMode=sharp2&fit=crop,1&op_usm=0.6,0.6,8&wid=155&hei=155",RIBCAGE STRAIGHT ANKLE WOMEN'S JEANS
https://www.levi.com/US/en_US/clothing/women/jeans/straight/501-90s-ankle-womens-jeans/p/A91500002,"https://lsco.scene7.com/is/image/lsco/A91500002-detail1-pdp?fmt=jpeg&qlt=70&resMode=sharp2&fit=crop,1&op_usm=0.6,0.6,8&wid=155&hei=155",501® '90S ANKLE WOMEN'S JEANS
https://www.levi.com/US/en_US/clothing/women/jeans/slim/312-shaping-slim-womens-jeans/p/196270197,"https://lsco.scene7.com/is/image/lsco/196270197-front-pdp?fmt=jpeg&qlt=70&resMode=sharp2&fit=crop,1&op_usm=0.6,0.6,8&wid=155&hei=155",312 SHAPING SLIM WOMEN'S JEANS
https://www.levi.com/US/en_US/clothing/women/jeans/wide-leg/318-shaping-wide-leg-womens-jeans/p/001PZ0004,"https://lsco.scene7.com/is/image/lsco/001PZ0004-front-pdp?fmt=jpeg&qlt=70&resMode=sharp2&fit=crop,1&op_usm=0.6,0.6,8&wid=155&hei=155",318 SHAPING WIDE LEG WOMEN'S JEANS
https://www.levi.com/US/en_US/clothing/women/jeans/straight/501-90s-womens-jeans/p/A19590032,"https://lsco.scene7.com/is/image/lsco/A19590032-side-pdp?fmt=jpeg&qlt=70&resMode=sharp2&fit=crop,1&op_usm=0.6,0.6,8&wid=155&hei=155",501® '90S WOMEN'S JEANS
https://www.levi.com/US/en_US/clothing/women/jeans/straight/501-original-cropped-womens-jeans/p/362000319,"https://lsco.scene7.com/is/image/lsco/362000319-hyunser-26-detail1-pdp?fmt=jpeg&qlt=70&resMode=sharp2&fit=crop,1&op_usm=0.6,0.6,8&wid=155&hei=155",501® ORIGINAL CROPPED WOMEN'S JEANS
https://www.levi.com/US/en_US/clothing/women/jeans/straight/724-high-rise-straight-womens-jeans/p/188830356,"https://lsco.scene7.com/is/image/lsco/188830356-front-pdp?fmt=jpeg&qlt=70&resMode=sharp2&fit=crop,1&op_usm=0.6,0.6,8&wid=155&hei=155",724 HIGH RISE STRAIGHT WOMEN'S JEANS
https://www.levi.com/US/en_US/clothing/women/jeans/bootcut/wedgie-bootcut-womens-jeans/p/A87100008,"https://lsco.scene7.com/is/image/lsco/A87100008-hyunser-26-detail1-pdp?fmt=jpeg&qlt=70&resMode=sharp2&fit=crop,1&op_usm=0.6,0.6,8&wid=155&hei=155",WEDGIE BOOTCUT WOMEN'S JEANS
https://www.levi.com/US/en_US/clothing/women/jeans/straight/low-pro-lightweight-womens-jeans/p/A09640033,"https://lsco.scene7.com/is/image/lsco/A09640033-front-pdp?fmt=jpeg&qlt=70&resMode=sharp2&fit=crop,1&op_usm=0.6,0.6,8&wid=155&hei=155",LOW PRO LIGHTWEIGHT WOMEN'S JEANS
https://www.levi.com/US/en_US/clothing/women/jeans/bootcut/725-high-rise-bootcut-womens-jeans/p/187590202,"https://lsco.scene7.com/is/image/lsco/187590202-front-pdp?fmt=jpeg&qlt=70&resMode=sharp2&fit=crop,1&op_usm=0.6,0.6,8&wid=155&hei=155",725 HIGH RISE BOOTCUT WOMEN'S JEANS
https://www.levi.com/US/en_US/clothing/women/jeans/wide-leg/318-shaping-wide-leg-womens-jeans/p/001Q70004,"https://lsco.scene7.com/is/image/lsco/001Q70004-front-pdp?fmt=jpeg&qlt=70&resMode=sharp2&fit=crop,1&op_usm=0.6,0.6,8&wid=155&hei=155",318 SHAPING WIDE LEG WOMEN'S JEANS
https://www.levi.com/US/en_US/clothing/women/jeans/bootcut/726-high-rise-flare-womens-jeans/p/A34100115,"https://lsco.scene7.com/is/image/lsco/A34100115-front-pdp?fmt=jpeg&qlt=70&resMode=sharp2&fit=crop,1&op_usm=0.6,0.6,8&wid=155&hei=155",726 HIGH RISE FLARE WOMEN'S JEANS
https://www.levi.com/US/en_US/clothing/women/jeans/loose/cinch-baggy-womens-jeans/p/001UP0001,"https://lsco.scene7.com/is/image/lsco/001UP0001-alt4-pdp?fmt=jpeg&qlt=70&resMode=sharp2&fit=crop,1&op_usm=0.6,0.6,8&wid=155&hei=155",CINCH BAGGY WOMEN'S JEANS
https://www.levi.com/US/en_US/clothing/women/jeans/skinny/311-shaping-skinny-womens-jeans/p/196260558,"https://lsco.scene7.com/is/image/lsco/196260558-front-pdp?fmt=jpeg&qlt=70&resMode=sharp2&fit=crop,1&op_usm=0.6,0.6,8&wid=155&hei=155",311 SHAPING SKINNY WOMEN'S JEANS
https://www.levi.com/US/en_US/clothing/women/jeans/bootcut/315-shaping-bootcut-womens-jeans/p/196320057,"https://lsco.scene7.com/is/image/lsco/196320057-front-pdp?fmt=jpeg&qlt=70&resMode=sharp2&fit=crop,1&op_usm=0.6,0.6,8&wid=155&hei=155",315 SHAPING BOOTCUT WOMEN'S JEANS
https://www.levi.com/US/en_US/clothing/women/jeans/straight/314-shaping-straight-womens-jeans/p/196310234,"https://lsco.scene7.com/is/image/lsco/196310234-front-pdp?fmt=jpeg&qlt=70&resMode=sharp2&fit=crop,1&op_usm=0.6,0.6,8&wid=155&hei=155",314 SHAPING STRAIGHT WOMEN'S JEANS
https://www.levi.com/US/en_US/clothing/women/jeans/straight/xl-baggy-straight-womens-jeans/p/A87010007,"https://lsco.scene7.com/is/image/lsco/A87010007-side-pdp?fmt=jpeg&qlt=70&resMode=sharp2&fit=crop,1&op_usm=0.6,0.6,8&wid=155&hei=155",XL BAGGY STRAIGHT WOMEN'S JEANS
https://www.levi.com/US/en_US/clothing/women/jeans/loose/baggy-dad-womens-jeans/p/A34940056,"https://lsco.scene7.com/is/image/lsco/A34940056-detail1-pdp?fmt=jpeg&qlt=70&resMode=sharp2&fit=crop,1&op_usm=0.6,0.6,8&wid=155&hei=155",BAGGY DAD WOMEN'S JEANS
https://www.levi.com/US/en_US/clothing/women/jeans/bootcut/superlow-bootcut-womens-jeans/p/A46790016,"https://lsco.scene7.com/is/image/lsco/A46790016-front-pdp?fmt=jpeg&qlt=70&resMode=sharp2&fit=crop,1&op_usm=0.6,0.6,8&wid=155&hei=155",SUPERLOW BOOTCUT WOMEN'S JEANS
https://www.levi.com/US/en_US/clothing/women/jeans/straight/724-high-rise-straight-womens-jeans/p/188830324,"https://lsco.scene7.com/is/image/lsco/188830324-side-pdp?fmt=jpeg&qlt=70&resMode=sharp2&fit=crop,1&op_usm=0.6,0.6,8&wid=155&hei=155",724 HIGH RISE STRAIGHT WOMEN'S JEANS
https://www.levi.com/US/en_US/clothing/women/jeans/straight/low-pro-womens-jeans/p/A09640032,"https://lsco.scene7.com/is/image/lsco/A09640032-front-pdp?fmt=jpeg&qlt=70&resMode=sharp2&fit=crop,1&op_usm=0.6,0.6,8&wid=155&hei=155",LOW PRO WOMEN'S JEANS
https://www.levi.com/US/en_US/clothing/women/jeans/skinny/721-high-rise-skinny-womens-jeans/p/188820781,"https://lsco.scene7.com/is/image/lsco/188820781-front-pdp?fmt=jpeg&qlt=70&resMode=sharp2&fit=crop,1&op_usm=0.6,0.6,8&wid=155&hei=155",721 HIGH RISE SKINNY WOMEN'S JEANS
https://www.levi.com/US/en_US/clothing/women/jeans/straight/xl-baggy-straight-linen-denim-womens-jeans/p/A87010009,"https://lsco.scene7.com/is/image/lsco/A87010009-detail1-pdp?fmt=jpeg&qlt=70&resMode=sharp2&fit=crop,1&op_usm=0.6,0.6,8&wid=155&hei=155",XL BAGGY STRAIGHT LINEN+ DENIM WOMEN'S JEANS
https://www.levi.com/US/en_US/clothing/women/overalls-jumpsuits/vintage-womens-overalls/p/853150022,"https://lsco.scene7.com/is/image/lsco/853150022-front-pdp?fmt=jpeg&qlt=70&resMode=sharp2&fit=crop,1&op_usm=0.6,0.6,8&wid=155&hei=155",VINTAGE WOMEN'S OVERALLS
https://www.levi.com/US/en_US/clothing/women/jeans/loose/baggy-dad-linen-denim-lightweight-womens-jeans/p/A34940057,"https://lsco.scene7.com/is/image/lsco/A34940057-detail1-pdp?fmt=jpeg&qlt=70&resMode=sharp2&fit=crop,1&op_usm=0.6,0.6,8&wid=155&hei=155",BAGGY DAD LINEN+ DENIM LIGHTWEIGHT WOMEN'S JEANS
https://www.levi.com/US/en_US/clothing/women/jeans/bootcut/725-high-rise-bootcut-womens-jeans/p/187590184,"https://lsco.scene7.com/is/image/lsco/187590184-detail1-pdp?fmt=jpeg&qlt=70&resMode=sharp2&fit=crop,1&op_usm=0.6,0.6,8&wid=155&hei=155",725 HIGH RISE BOOTCUT WOMEN'S JEANS
https://www.levi.com/US/en_US/clothing/women/jeans/bootcut/ribcage-bell-vintage-womens-jeans/p/A87170001,"https://lsco.scene7.com/is/image/lsco/A87170001-detail1-pdp?fmt=jpeg&qlt=70&resMode=sharp2&fit=crop,1&op_usm=0.6,0.6,8&wid=155&hei=155",RIBCAGE BELL VINTAGE WOMEN'S JEANS
https://www.levi.com/US/en_US/clothing/women/jeans/straight/501-90s-western-womens-jeans/p/001V30001,"https://lsco.scene7.com/is/image/lsco/001V30001-detail1-pdp?fmt=jpeg&qlt=70&resMode=sharp2&fit=crop,1&op_usm=0.6,0.6,8&wid=155&hei=155",501® '90S WESTERN WOMEN'S JEANS
https://www.levi.com/US/en_US/clothing/women/jeans/bootcut/ribcage-bell-womens-jeans/p/A75030021,"https://lsco.scene7.com/is/image/lsco/A75030021-detail1-pdp?fmt=jpeg&qlt=70&resMode=sharp2&fit=crop,1&op_usm=0.6,0.6,8&wid=155&hei=155",RIBCAGE BELL WOMEN'S JEANS
https://www.levi.com/US/en_US/clothing/women/jeans/straight/xl-baggy-straight-seamed-womens-jeans/p/001UZ0000,"https://lsco.scene7.com/is/image/lsco/001UZ0000-detail1-pdp-lse?fmt=jpeg&qlt=70&resMode=sharp2&fit=crop,1&op_usm=0.6,0.6,8&wid=155&hei=155",XL BAGGY STRAIGHT SEAMED WOMEN'S JEANS
https://www.levi.com/US/en_US/clothing/women/jeans/bootcut/ribcage-wide-leg-braided-womens-jeans/p/001US0000,"https://lsco.scene7.com/is/image/lsco/001US0000-detail1-pdp?fmt=jpeg&qlt=70&resMode=sharp2&fit=crop,1&op_usm=0.6,0.6,8&wid=155&hei=155",RIBCAGE WIDE LEG BRAIDED WOMEN'S JEANS
https://www.levi.com/US/en_US/clothing/women/jeans/skinny/311-shaping-skinny-womens-jeans/p/196260000,"https://lsco.scene7.com/is/image/lsco/196260000-side-pdp?fmt=jpeg&qlt=70&resMode=sharp2&fit=crop,1&op_usm=0.6,0.6,8&wid=155&hei=155",311 SHAPING SKINNY WOMEN'S JEANS
https://www.levi.com/US/en_US/clothing/women/jeans/straight/501-90s-selvedge-womens-jeans/p/A19590063,"https://lsco.scene7.com/is/image/lsco/A19590063-detail1-pdp?fmt=jpeg&qlt=70&resMode=sharp2&fit=crop,1&op_usm=0.6,0.6,8&wid=155&hei=155",501® '90S SELVEDGE WOMEN'S JEANS
https://www.levi.com/US/en_US/clothing/women/jeans/skinny/720-high-rise-super-skinny-womens-jeans/p/527970022,"https://lsco.scene7.com/is/image/lsco/527970022-front-pdp?fmt=jpeg&qlt=70&resMode=sharp2&fit=crop,1&op_usm=0.6,0.6,8&wid=155&hei=155",720 HIGH RISE SUPER SKINNY WOMEN'S JEANS
https://www.levi.com/US/en_US/clothing/women/jeans/bootcut/classic-bootcut-womens-jeans/p/392520028,"https://lsco.scene7.com/is/image/lsco/392520028-side-pdp?fmt=jpeg&qlt=70&resMode=sharp2&fit=crop,1&op_usm=0.6,0.6,8&wid=155&hei=155",CLASSIC BOOTCUT WOMEN'S JEANS
https://www.levi.com/US/en_US/clothing/women/jeans/bootcut/retro-726-high-rise-flare-womens-jeans/p/A93150006,"https://lsco.scene7.com/is/image/lsco/A93150006-front-pdp?fmt=jpeg&qlt=70&resMode=sharp2&fit=crop,1&op_usm=0.6,0.6,8&wid=155&hei=155",RETRO 726 HIGH RISE FLARE WOMEN'S JEANS
https://www.levi.com/US/en_US/clothing/women/jeans/skinny/501-skinny-womens-jeans/p/295020117,"https://lsco.scene7.com/is/image/lsco/295020117-back-pdp?fmt=jpeg&qlt=70&resMode=sharp2&fit=crop,1&op_usm=0.6,0.6,8&wid=155&hei=155",501® SKINNY WOMEN'S JEANS
https://www.levi.com/US/en_US/clothing/women/jeans/straight/501-original-selvedge-womens-jeans/p/A61670007,"https://lsco.scene7.com/is/image/lsco/A61670007-detail1-pdp?fmt=jpeg&qlt=70&resMode=sharp2&fit=crop,1&op_usm=0.6,0.6,8&wid=155&hei=155",501® ORIGINAL SELVEDGE WOMEN'S JEANS
https://www.levi.com/US/en_US/clothing/women/jeans/straight/501-original-fit-cropped-lightweight-womens-jeans/p/A87460002,"https://lsco.scene7.com/is/image/lsco/A87460002-detail1-pdp?fmt=jpeg&qlt=70&resMode=sharp2&fit=crop,1&op_usm=0.6,0.6,8&wid=155&hei=155",501® ORIGINAL FIT CROPPED LIGHTWEIGHT WOMEN'S JEANS
https://www.levi.com/US/en_US/clothing/women/jeans/bootcut/superlow-flare-womens-jeans/p/A74540004,"https://lsco.scene7.com/is/image/lsco/A74540004-front-pdp?fmt=jpeg&qlt=70&resMode=sharp2&fit=crop,1&op_usm=0.6,0.6,8&wid=155&hei=155",SUPERLOW FLARE WOMEN'S JEANS
https://www.levi.com/US/en_US/clothing/women/jeans/skinny/superlow-skinny-womens-jeans/p/A87020001,"https://lsco.scene7.com/is/image/lsco/A87020001-front-pdp?fmt=jpeg&qlt=70&resMode=sharp2&fit=crop,1&op_usm=0.6,0.6,8&wid=155&hei=155",SUPERLOW SKINNY WOMEN'S JEANS
https://www.levi.com/US/en_US/clothing/women/jeans/bootcut/725-kick-boot-womens-jeans/p/001W10005,"https://lsco.scene7.com/is/image/lsco/001W10005-front-pdp?fmt=jpeg&qlt=70&resMode=sharp2&fit=crop,1&op_usm=0.6,0.6,8&wid=155&hei=155",725 KICK BOOT WOMEN'S JEANS
https://www.levi.com/US/en_US/clothing/women/jeans/straight/724-high-rise-straight-womens-jeans/p/188830362,"https://lsco.scene7.com/is/image/lsco/188830362-detail1-pdp-lse?fmt=jpeg&qlt=70&resMode=sharp2&fit=crop,1&op_usm=0.6,0.6,8&wid=155&hei=155",724 HIGH RISE STRAIGHT WOMEN'S JEANS
https://www.levi.com/US/en_US/clothing/women/jeans/skinny/711-skinny-womens-jeans/p/188810781,"https://lsco.scene7.com/is/image/lsco/188810781-front-pdp?fmt=jpeg&qlt=70&resMode=sharp2&fit=crop,1&op_usm=0.6,0.6,8&wid=155&hei=155",711 SKINNY WOMEN'S JEANS
https://www.levi.com/US/en_US/clothing/women/jeans/straight/classic-straight-womens-jeans-plus-size/p/236480062,"https://lsco.scene7.com/is/image/lsco/236480062-side-pdp?fmt=jpeg&qlt=70&resMode=sharp2&fit=crop,1&op_usm=0.6,0.6,8&wid=155&hei=155",CLASSIC STRAIGHT WOMEN'S JEANS (PLUS SIZE)
https://www.levi.com/US/en_US/clothing/women/jeans/bootcut/retro-725-high-rise-bootcut-womens-jeans/p/A87420007,"https://lsco.scene7.com/is/image/lsco/A87420007-front-pdp?fmt=jpeg&qlt=70&resMode=sharp2&fit=crop,1&op_usm=0.6,0.6,8&wid=155&hei=155",RETRO 725 HIGH RISE BOOTCUT WOMEN'S JEANS
https://www.levi.com/US/en_US/clothing/women/overalls-jumpsuits/xl-overalls/p/001V00005,"https://lsco.scene7.com/is/image/lsco/001V00005-front-pdp?fmt=jpeg&qlt=70&resMode=sharp2&fit=crop,1&op_usm=0.6,0.6,8&wid=155&hei=155",XL OVERALLS
https://www.levi.com/US/en_US/clothing/women/jeans/bootcut/ribcage-full-length-western-womens-jeans/p/001UT0001,"https://lsco.scene7.com/is/image/lsco/001UT0001-detail1-pdp-lse?fmt=jpeg&qlt=70&resMode=sharp2&fit=crop,1&op_usm=0.6,0.6,8&wid=155&hei=155",RIBCAGE FULL LENGTH WESTERN WOMEN'S JEANS
https://www.levi.com/US/en_US/clothing/women/jeans/straight/coated-501-90s-womens-jeans/p/A19590068,"https://lsco.scene7.com/is/image/lsco/A19590068-detail1-pdp?fmt=jpeg&qlt=70&resMode=sharp2&fit=crop,1&op_usm=0.6,0.6,8&wid=155&hei=155",COATED 501® '90S WOMEN'S JEANS
https://www.levi.com/US/en_US/clothing/women/overalls-jumpsuits/overalls/vintage-womens-shortalls/p/523330040,"https://lsco.scene7.com/is/image/lsco/523330040-side-pdp?fmt=jpeg&qlt=70&resMode=sharp2&fit=crop,1&op_usm=0.6,0.6,8&wid=155&hei=155",VINTAGE WOMEN'S SHORTALLS
https://www.levi.com/US/en_US/clothing/women/jeans/bootcut/vintage-classic-bootcut-womens-jeans/p/A16600000,"https://lsco.scene7.com/is/image/lsco/A16600000-side-pdp?fmt=jpeg&qlt=70&resMode=sharp2&fit=crop,1&op_usm=0.6,0.6,8&wid=155&hei=155",VINTAGE CLASSIC BOOTCUT WOMEN'S JEANS
https://www.levi.com/US/en_US/clothing/women/jeans/straight/ribcage-full-length-womens-jeans/p/790780010,"https://lsco.scene7.com/is/image/lsco/790780010-side-pdp?fmt=jpeg&qlt=70&resMode=sharp2&fit=crop,1&op_usm=0.6,0.6,8&wid=155&hei=155",RIBCAGE FULL LENGTH WOMEN'S JEANS
https://www.levi.com/US/en_US/clothing/women/jeans/skinny/721-high-rise-skinny-womens-jeans/p/188820594,"https://lsco.scene7.com/is/image/lsco/188820594-detail1-pdp-lse?fmt=jpeg&qlt=70&resMode=sharp2&fit=crop,1&op_usm=0.6,0.6,8&wid=155&hei=155",721 HIGH RISE SKINNY WOMEN'S JEANS
https://www.levi.com/US/en_US/clothing/women/jeans/loose/baggy-carpenter-linen-denim-lightweight-womens-jeans/p/A86990010,"https://lsco.scene7.com/is/image/lsco/A86990010-detail1-pdp?fmt=jpeg&qlt=70&resMode=sharp2&fit=crop,1&op_usm=0.6,0.6,8&wid=155&hei=155",BAGGY CARPENTER LINEN+ DENIM LIGHTWEIGHT WOMEN'S JEANS
https://www.levi.com/US/en_US/clothing/women/jeans/bootcut/wedgie-bootcut-western-womens-jeans/p/001V20000,"https://lsco.scene7.com/is/image/lsco/001V20000-detail1-pdp?fmt=jpeg&qlt=70&resMode=sharp2&fit=crop,1&op_usm=0.6,0.6,8&wid=155&hei=155",WEDGIE BOOTCUT WESTERN WOMEN'S JEANS
https://www.levi.com/US/en_US/clothing/women/jeans/bootcut/726-high-rise-flare-womens-jeans/p/A34100026,"https://lsco.scene7.com/is/image/lsco/A34100026-side-pdp?fmt=jpeg&qlt=70&resMode=sharp2&fit=crop,1&op_usm=0.6,0.6,8&wid=155&hei=155",726 HIGH RISE FLARE WOMEN'S JEANS
https://www.levi.com/US/en_US/clothing/women/jeans/loose/baggy-dad-pieced-womens-jeans/p/001UM0000,"https://lsco.scene7.com/is/image/lsco/001UM0000-detail1-pdp?fmt=jpeg&qlt=70&resMode=sharp2&fit=crop,1&op_usm=0.6,0.6,8&wid=155&hei=155",BAGGY DAD PIECED WOMEN'S JEANS
https://www.levi.com/US/en_US/clothing/women/jeans/taper/80s-mom-womens-jeans/p/A35060016,"https://lsco.scene7.com/is/image/lsco/A35060016-detail1-pdp?fmt=jpeg&qlt=70&resMode=sharp2&fit=crop,1&op_usm=0.6,0.6,8&wid=155&hei=155",80S MOM WOMEN'S JEANS
https://www.levi.com/US/en_US/clothing/women/jeans/taper/mid-rise-boyfriend-womens-jeans/p/198870313,"https://lsco.scene7.com/is/image/lsco/198870313-side-pdp-lse?fmt=jpeg&qlt=70&resMode=sharp2&fit=crop,1&op_usm=0.6,0.6,8&wid=155&hei=155",MID RISE BOYFRIEND WOMEN'S JEANS
https://www.levi.com/US/en_US/clothing/women/jeans/straight/501-original-womens-jeans-plus-size/p/A35480035,"https://lsco.scene7.com/is/image/lsco/A35480035-detail1-pdp?fmt=jpeg&qlt=70&resMode=sharp2&fit=crop,1&op_usm=0.6,0.6,8&wid=155&hei=155",501® ORIGINAL WOMEN'S JEANS (PLUS SIZE)
https://www.levi.com/US/en_US/clothing/women/jeans/straight/xl-culotte-womens-jeans/p/001V10001,"https://lsco.scene7.com/is/image/lsco/001V10001-detail1-pdp-lse?fmt=jpeg&qlt=70&resMode=sharp2&fit=crop,1&op_usm=0.6,0.6,8&wid=155&hei=155",XL CULOTTE WOMEN'S JEANS
https://www.levi.com/US/en_US/clothing/women/jeans/loose/low-loose-womens-jeans/p/A74970003,"https://lsco.scene7.com/is/image/lsco/A74970003-detail1-pdp?fmt=jpeg&qlt=70&resMode=sharp2&fit=crop,1&op_usm=0.6,0.6,8&wid=155&hei=155",LOW LOOSE WOMEN'S JEANS
https://www.levi.com/US/en_US/clothing/women/jeans/straight/classic-straight-fit-womens-jeans/p/392500082,"https://lsco.scene7.com/is/image/lsco/392500082-side-pdp?fmt=jpeg&qlt=70&resMode=sharp2&fit=crop,1&op_usm=0.6,0.6,8&wid=155&hei=155",CLASSIC STRAIGHT FIT WOMEN'S JEANS
https://www.levi.com/US/en_US/clothing/women/jeans/ribcage-straight-ankle-tailored-womens-jeans/p/A87180001,"https://lsco.scene7.com/is/image/lsco/A87180001-detail1-pdp?fmt=jpeg&qlt=70&resMode=sharp2&fit=crop,1&op_usm=0.6,0.6,8&wid=155&hei=155",RIBCAGE STRAIGHT ANKLE TAILORED WOMEN'S JEANS
https://www.levi.com/US/en_US/clothing/women/jeans/skinny/311-shaping-skinny-capri-womens-jeans/p/A00860050,"https://lsco.scene7.com/is/image/lsco/A00860050-front-pdp?fmt=jpeg&qlt=70&resMode=sharp2&fit=crop,1&op_usm=0.6,0.6,8&wid=155&hei=155",311 SHAPING SKINNY CAPRI WOMEN'S JEANS
https://www.levi.com/US/en_US/clothing/women/jeans/straight/ribcage-straight-ankle-lightweight-womens-jeans/p/726930229,"https://lsco.scene7.com/is/image/lsco/726930229-detail1-pdp?fmt=jpeg&qlt=70&resMode=sharp2&fit=crop,1&op_usm=0.6,0.6,8&wid=155&hei=155",RIBCAGE STRAIGHT ANKLE LIGHTWEIGHT WOMEN'S JEANS
https://www.levi.com/US/en_US/jeans-by-fit-number/women/jeans/wedgie/wedgie-capri-womens-jeans/p/003NI0001,"https://lsco.scene7.com/is/image/lsco/003NI0001-detail1-pdp?fmt=jpeg&qlt=70&resMode=sharp2&fit=crop,1&op_usm=0.6,0.6,8&wid=155&hei=155",WEDGIE CAPRI WOMEN'S JEANS
https://www.levi.com/US/en_US/clothing/women/jeans/straight/501-original-cropped-womens-jeans-plus-size/p/859530029,"https://lsco.scene7.com/is/image/lsco/859530029-side-pdp?fmt=jpeg&qlt=70&resMode=sharp2&fit=crop,1&op_usm=0.6,0.6,8&wid=155&hei=155",501® ORIGINAL CROPPED WOMEN'S JEANS (PLUS SIZE)
https://www.levi.com/US/en_US/clothing/women/jeans/loose/xl-superwide-womens-jeans/p/001T30001,"https://lsco.scene7.com/is/image/lsco/001T30001-detail1-pdp?fmt=jpeg&qlt=70&resMode=sharp2&fit=crop,1&op_usm=0.6,0.6,8&wid=155&hei=155",XL SUPERWIDE WOMEN'S JEANS
https://www.levi.com/US/en_US/clothing/women/jeans/straight/724-high-rise-slim-straight-womens-jeans-plus-size/p/837370042,"https://lsco.scene7.com/is/image/lsco/837370042-side-pdp?fmt=jpeg&qlt=70&resMode=sharp2&fit=crop,1&op_usm=0.6,0.6,8&wid=155&hei=155",724 HIGH RISE SLIM STRAIGHT WOMEN'S JEANS (PLUS SIZE)
https://www.levi.com/US/en_US/clothing/women/jeans/straight/314-shaping-straight-womens-jeans-plus-size/p/196410060,"https://lsco.scene7.com/is/image/lsco/196410060-side-pdp?fmt=jpeg&qlt=70&resMode=sharp2&fit=crop,1&op_usm=0.6,0.6,8&wid=155&hei=155",314 SHAPING STRAIGHT WOMEN'S JEANS (PLUS SIZE)
https://www.levi.com/US/en_US/clothing/women/jeans/taper/boyfriend-mid-rise-womens-jeans-plus-size/p/289440044,"https://lsco.scene7.com/is/image/lsco/289440044-side-pdp?fmt=jpeg&qlt=70&resMode=sharp2&fit=crop,1&op_usm=0.6,0.6,8&wid=155&hei=155",BOYFRIEND MID RISE WOMEN'S JEANS (PLUS SIZE)
https://www.levi.com/US/en_US/clothing/women/overalls-jumpsuits/vintage-womens-overalls/p/853150035,"https://lsco.scene7.com/is/image/lsco/853150035-front-pdp?fmt=jpeg&qlt=70&resMode=sharp2&fit=crop,1&op_usm=0.6,0.6,8&wid=155&hei=155",VINTAGE WOMEN'S OVERALLS
https://www.levi.com/US/en_US/clothing/women/jeans/straight/tailored-724-high-rise-straight-womens-jeans/p/A87410004,"https://lsco.scene7.com/is/image/lsco/A87410004-front-pdp?fmt=jpeg&qlt=70&resMode=sharp2&fit=crop,1&op_usm=0.6,0.6,8&wid=155&hei=155",TAILORED 724 HIGH RISE STRAIGHT WOMEN'S JEANS
https://www.levi.com/US/en_US/clothing/women/jeans/skinny/721-high-rise-skinny-womens-jeans-plus-size/p/833680109,"https://lsco.scene7.com/is/image/lsco/833680109-front-pdp?fmt=jpeg&qlt=70&resMode=sharp2&fit=crop,1&op_usm=0.6,0.6,8&wid=155&hei=155",721 HIGH RISE SKINNY WOMEN'S JEANS (PLUS SIZE)
https://www.levi.com/US/en_US/clothing/women/jeans/skinny/721-high-rise-skinny-cargo-womens-jeans/p/001VT0000,"https://lsco.scene7.com/is/image/lsco/001VT0000-front-pdp?fmt=jpeg&qlt=70&resMode=sharp2&fit=crop,1&op_usm=0.6,0.6,8&wid=155&hei=155",721 HIGH RISE SKINNY CARGO WOMEN'S JEANS
https://www.levi.com/US/en_US/clothing/women/jeans/straight/japanese-selvedge-column-womens-jeans/p/A58880000,"https://lsco.scene7.com/is/image/lsco/A58880000-front-pdp?fmt=jpeg&qlt=70&resMode=sharp2&fit=crop,1&op_usm=0.6,0.6,8&wid=155&hei=155",JAPANESE SELVEDGE COLUMN WOMEN'S JEANS
https://www.levi.com/US/en_US/clothing/women/1950s-701-womens-jeans/p/507010038,"https://lsco.scene7.com/is/image/lsco/507010038-detail1-pdp?fmt=jpeg&qlt=70&resMode=sharp2&fit=crop,1&op_usm=0.6,0.6,8&wid=155&hei=155",1950S 701 WOMEN'S JEANS
https://www.levi.com/US/en_US/clothing/women/plus-size/jeans/311-shaping-skinny-womens-jeans-plus-size/p/196430000,"https://lsco.scene7.com/is/image/lsco/196430000-side-pdp?fmt=jpeg&qlt=70&resMode=sharp2&fit=crop,1&op_usm=0.6,0.6,8&wid=155&hei=155",311 SHAPING SKINNY WOMEN'S JEANS (PLUS SIZE)
https://www.levi.com/US/en_US/clothing/women/plus-size/jeans/315-shaping-bootcut-womens-jeans-plus-size/p/196450037,"https://lsco.scene7.com/is/image/lsco/196450037-side-pdp?fmt=jpeg&qlt=70&resMode=sharp2&fit=crop,1&op_usm=0.6,0.6,8&wid=155&hei=155",315 SHAPING BOOTCUT WOMEN'S JEANS (PLUS SIZE)
https://www.levi.com/US/en_US/clothing/women/jeans/straight/501-original-fit-plant-based-womens-jeans/p/125010491,"https://lsco.scene7.com/is/image/lsco/125010491-natalie-27-detail1-pdp?fmt=jpeg&qlt=70&resMode=sharp2&fit=crop,1&op_usm=0.6,0.6,8&wid=155&hei=155",501® ORIGINAL FIT PLANT BASED WOMEN'S JEANS
https://www.levi.com/US/en_US/clothing/women/plus-size/jeans/wedgie-straight-fit-womens-jeans-plus-size/p/A09770000,"https://lsco.scene7.com/is/image/lsco/A09770000-back-pdp?fmt=jpeg&qlt=70&resMode=sharp2&fit=crop,1&op_usm=0.6,0.6,8&wid=155&hei=155",WEDGIE STRAIGHT FIT WOMEN'S JEANS (PLUS SIZE)
https://www.levi.com/US/en_US/clothing/women/jeans/wide-leg/318-shaping-wide-leg-womens-jeans-plus-size/p/0033F0001,"https://lsco.scene7.com/is/image/lsco/0033F0001-front-pdp?fmt=jpeg&qlt=70&resMode=sharp2&fit=crop,1&op_usm=0.6,0.6,8&wid=155&hei=155",318 SHAPING WIDE LEG WOMEN'S JEANS (PLUS SIZE)
https://www.levi.com/US/en_US/clothing/women/jeans/bootcut/vintage-classic-bootcut-womens-jeans-plus-size/p/A16620002,"https://lsco.scene7.com/is/image/lsco/A16620002-side-pdp?fmt=jpeg&qlt=70&resMode=sharp2&fit=crop,1&op_usm=0.6,0.6,8&wid=155&hei=155",VINTAGE CLASSIC BOOTCUT WOMEN'S JEANS (PLUS SIZE)
https://www.levi.com/US/en_US/clothing/women/jeans/slim/japanese-selvedge-high-rise-slim-womens-jeans/p/A58910000,"https://lsco.scene7.com/is/image/lsco/A58910000-front-pdp?fmt=jpeg&qlt=70&resMode=sharp2&fit=crop,1&op_usm=0.6,0.6,8&wid=155&hei=155",JAPANESE SELVEDGE HIGH-RISE SLIM WOMEN'S JEANS
https://www.levi.com/US/en_US/clothing/women/jeans/skinny/311-shaping-skinny-capri-womens-jeans/p/A00860004,"https://lsco.scene7.com/is/image/lsco/A00860004-side-pdp?fmt=jpeg&qlt=70&resMode=sharp2&fit=crop,1&op_usm=0.6,0.6,8&wid=155&hei=155",311 SHAPING SKINNY CAPRI WOMEN'S JEANS
https://www.levi.com/US/en_US/clothing/women/jeans/straight/ribcage-straight-ankle-lightweight-womens-jeans/p/726930230,"https://lsco.scene7.com/is/image/lsco/726930230-detail1-pdp?fmt=jpeg&qlt=70&resMode=sharp2&fit=crop,1&op_usm=0.6,0.6,8&wid=155&hei=155",RIBCAGE STRAIGHT ANKLE LIGHTWEIGHT WOMEN'S JEANS
https://www.levi.com/US/en_US/made-in-japan/made-in-japan/japanese-selvedge-plank-straight-fit-womens-jeans/p/A91380000,"https://lsco.scene7.com/is/image/lsco/A91380000-detail1-pdp?fmt=jpeg&qlt=70&resMode=sharp2&fit=crop,1&op_usm=0.6,0.6,8&wid=155&hei=155",JAPANESE SELVEDGE PLANK STRAIGHT FIT WOMEN'S JEANS
https://www.levi.com/US/en_US/clothing/women/jeans/bootcut/726-high-rise-flare-womens-jeans-plus-size/p/A36250015,"https://lsco.scene7.com/is/image/lsco/A36250015-front-pdp?fmt=jpeg&qlt=70&resMode=sharp2&fit=crop,1&op_usm=0.6,0.6,8&wid=155&hei=155",726 HIGH RISE FLARE WOMEN'S JEANS (PLUS SIZE)
https://www.levi.com/US/en_US/clothing/women/jeans/bootcut/725-high-rise-bootcut-womens-jeans-plus-size/p/868930036,"https://lsco.scene7.com/is/image/lsco/868930036-front-pdp?fmt=jpeg&qlt=70&resMode=sharp2&fit=crop,1&op_usm=0.6,0.6,8&wid=155&hei=155",725 HIGH RISE BOOTCUT WOMEN'S JEANS (PLUS SIZE)
https://www.levi.com/US/en_US/clothing/women/jeans/skinny/721-high-rise-skinny-womens-jeans/p/188820739,"https://lsco.scene7.com/is/image/lsco/188820739-side-pdp?fmt=jpeg&qlt=70&resMode=sharp2&fit=crop,1&op_usm=0.6,0.6,8&wid=155&hei=155",721 HIGH RISE SKINNY WOMEN'S JEANS
https://www.levi.com/US/en_US/clothing/women/pants/94-baggy-cargo-pants/p/A47070026,"https://lsco.scene7.com/is/image/lsco/A47070026-side-pdp?fmt=jpeg&qlt=70&resMode=sharp2&fit=crop,1&op_usm=0.6,0.6,8&wid=155&hei=155",94 BAGGY CARGO PANTS
https://www.levi.com/US/en_US/clothing/women/plus-size/jeans/314-shaping-straight-fit-womens-jeans-plus-size/p/196410053,"https://lsco.scene7.com/is/image/lsco/196410053-side-pdp?fmt=jpeg&qlt=70&resMode=sharp2&fit=crop,1&op_usm=0.6,0.6,8&wid=155&hei=155",314 SHAPING STRAIGHT FIT WOMEN'S JEANS (PLUS SIZE)
https://www.levi.com/US/en_US/clothing/women/jeans/loose/low-pro-womens-jeans/p/A09640003,"https://lsco.scene7.com/is/image/lsco/A09640034-front-pdp?fmt=jpeg&qlt=70&resMode=sharp2&fit=crop,1&op_usm=0.6,0.6,8&wid=155&hei=155",LOW PRO LIGHTWEIGHT WOMEN'S JEANS
https://www.levi.com/US/en_US/clothing/women/plus-size/jeans/classic-bootcut-womens-jeans-plus-size/p/236490012,"https://lsco.scene7.com/is/image/lsco/236490012-side-pdp?fmt=jpeg&qlt=70&resMode=sharp2&fit=crop,1&op_usm=0.6,0.6,8&wid=155&hei=155",CLASSIC BOOTCUT WOMEN'S JEANS (PLUS SIZE)
https://www.levi.com/US/en_US/clothing/women/plus-size/jeans/711-skinny-womens-jeans-plus-size/p/362550000,"https://lsco.scene7.com/is/image/lsco/362550000-front-pdp?fmt=jpeg&qlt=70&resMode=sharp2&fit=crop,1&op_usm=0.6,0.6,8&wid=155&hei=155",711 SKINNY WOMEN'S JEANS (PLUS SIZE)
https://www.levi.com/US/en_US/clothing/women/jeans/straight/501-90s-womens-jeans/p/A19590022,"https://lsco.scene7.com/is/image/lsco/A19590078-detail1-pdp?fmt=jpeg&qlt=70&resMode=sharp2&fit=crop,1&op_usm=0.6,0.6,8&wid=155&hei=155",501® '90S WOMEN'S JEANS
https://www.levi.com/US/en_US/clothing/women/jeans/wide-leg/xl-chino-womens-jeans/p/A87000005,"https://lsco.scene7.com/is/image/lsco/A87000005-detail1-pdp?fmt=jpeg&qlt=70&resMode=sharp2&fit=crop,1&op_usm=0.6,0.6,8&wid=155&hei=155",XL CHINO WOMEN'S JEANS
https://www.levi.com/US/en_US/clothing/women/plus-size/jeans/ribcage-straight-ankle-womens-jeans-plus-size/p/388430000,"https://lsco.scene7.com/is/image/lsco/388430000-back-pdp?fmt=jpeg&qlt=70&resMode=sharp2&fit=crop,1&op_usm=0.6,0.6,8&wid=155&hei=155",RIBCAGE STRAIGHT ANKLE WOMEN'S JEANS (PLUS SIZE)
https://www.levi.com/US/en_US/clothing/women/overalls-jumpsuits/overalls/baggy-womens-overalls/p/000UG0001,"https://lsco.scene7.com/is/image/lsco/000UG0001-front-pdp?fmt=jpeg&qlt=70&resMode=sharp2&fit=crop,1&op_usm=0.6,0.6,8&wid=155&hei=155",BAGGY WOMEN'S OVERALLS
https://www.levi.com/US/en_US/clothing/women/jeans/straight/501-90s-selvedge-womens-jeans/p/A19590042,"https://lsco.scene7.com/is/image/lsco/A19590063-detail1-pdp?fmt=jpeg&qlt=70&resMode=sharp2&fit=crop,1&op_usm=0.6,0.6,8&wid=155&hei=155",501® '90S SELVEDGE WOMEN'S JEANS
https://www.levi.com/US/en_US/clothing/women/jeans/straight/724-high-rise-straight-womens-jeans/p/188830293,"https://lsco.scene7.com/is/image/lsco/188830293-side-pdp?fmt=jpeg&qlt=70&resMode=sharp2&fit=crop,1&op_usm=0.6,0.6,8&wid=155&hei=155",724 HIGH RISE STRAIGHT WOMEN'S JEANS
https://www.levi.com/US/en_US/clothing/women/jeans/loose/baggy-dad-performance-cool-womens-jeans/p/A34940032,"https://lsco.scene7.com/is/image/lsco/A34940032-detail1-pdp?fmt=jpeg&qlt=70&resMode=sharp2&fit=crop,1&op_usm=0.6,0.6,8&wid=155&hei=155",BAGGY DAD PERFORMANCE COOL WOMEN'S JEANS
https://www.levi.com/US/en_US/clothing/women/jeans/straight/501-original-cropped-womens-jeans-plus-size/p/859530029,"https://lsco.scene7.com/is/image/lsco/859530029-side-pdp?fmt=jpeg&qlt=70&resMode=sharp2&fit=crop,1&op_usm=0.6,0.6,8&wid=155&hei=155",501® ORIGINAL CROPPED WOMEN'S JEANS (PLUS SIZE)
https://www.levi.com/US/en_US/clothing/women/jeans/loose/xl-superwide-womens-jeans/p/001T30001,"https://lsco.scene7.com/is/image/lsco/001T30001-detail1-pdp?fmt=jpeg&qlt=70&resMode=sharp2&fit=crop,1&op_usm=0.6,0.6,8&wid=155&hei=155",XL SUPERWIDE WOMEN'S JEANS
https://www.levi.com/US/en_US/clothing/women/jeans/straight/724-high-rise-slim-straight-womens-jeans-plus-size/p/837370042,"https://lsco.scene7.com/is/image/lsco/837370042-side-pdp?fmt=jpeg&qlt=70&resMode=sharp2&fit=crop,1&op_usm=0.6,0.6,8&wid=155&hei=155",724 HIGH RISE SLIM STRAIGHT WOMEN'S JEANS (PLUS SIZE)
https://www.levi.com/US/en_US/clothing/women/jeans/straight/314-shaping-straight-womens-jeans-plus-size/p/196410060,"https://lsco.scene7.com/is/image/lsco/196410060-side-pdp?fmt=jpeg&qlt=70&resMode=sharp2&fit=crop,1&op_usm=0.6,0.6,8&wid=155&hei=155",314 SHAPING STRAIGHT WOMEN'S JEANS (PLUS SIZE)
https://www.levi.com/US/en_US/clothing/women/jeans/taper/boyfriend-mid-rise-womens-jeans-plus-size/p/289440044,"https://lsco.scene7.com/is/image/lsco/289440044-side-pdp?fmt=jpeg&qlt=70&resMode=sharp2&fit=crop,1&op_usm=0.6,0.6,8&wid=155&hei=155",BOYFRIEND MID RISE WOMEN'S JEANS (PLUS SIZE)
https://www.levi.com/US/en_US/clothing/women/overalls-jumpsuits/vintage-womens-overalls/p/853150035,"https://lsco.scene7.com/is/image/lsco/853150035-front-pdp?fmt=jpeg&qlt=70&resMode=sharp2&fit=crop,1&op_usm=0.6,0.6,8&wid=155&hei=155",VINTAGE WOMEN'S OVERALLS
https://www.levi.com/US/en_US/clothing/women/jeans/straight/tailored-724-high-rise-straight-womens-jeans/p/A87410004,"https://lsco.scene7.com/is/image/lsco/A87410004-front-pdp?fmt=jpeg&qlt=70&resMode=sharp2&fit=crop,1&op_usm=0.6,0.6,8&wid=155&hei=155",TAILORED 724 HIGH RISE STRAIGHT WOMEN'S JEANS
https://www.levi.com/US/en_US/clothing/women/jeans/skinny/721-high-rise-skinny-womens-jeans-plus-size/p/833680109,"https://lsco.scene7.com/is/image/lsco/833680109-front-pdp?fmt=jpeg&qlt=70&resMode=sharp2&fit=crop,1&op_usm=0.6,0.6,8&wid=155&hei=155",721 HIGH RISE SKINNY WOMEN'S JEANS (PLUS SIZE)
https://www.levi.com/US/en_US/clothing/women/jeans/skinny/721-high-rise-skinny-cargo-womens-jeans/p/001VT0000,"https://lsco.scene7.com/is/image/lsco/001VT0000-front-pdp?fmt=jpeg&qlt=70&resMode=sharp2&fit=crop,1&op_usm=0.6,0.6,8&wid=155&hei=155",721 HIGH RISE SKINNY CARGO WOMEN'S JEANS
https://www.levi.com/US/en_US/clothing/women/jeans/straight/japanese-selvedge-column-womens-jeans/p/A58880000,"https://lsco.scene7.com/is/image/lsco/A58880000-front-pdp?fmt=jpeg&qlt=70&resMode=sharp2&fit=crop,1&op_usm=0.6,0.6,8&wid=155&hei=155",JAPANESE SELVEDGE COLUMN WOMEN'S JEANS
https://www.levi.com/US/en_US/clothing/women/1950s-701-womens-jeans/p/507010038,"https://lsco.scene7.com/is/image/lsco/507010038-detail1-pdp?fmt=jpeg&qlt=70&resMode=sharp2&fit=crop,1&op_usm=0.6,0.6,8&wid=155&hei=155",1950S 701 WOMEN'S JEANS
https://www.levi.com/US/en_US/clothing/women/plus-size/jeans/311-shaping-skinny-womens-jeans-plus-size/p/196430000,"https://lsco.scene7.com/is/image/lsco/196430000-side-pdp?fmt=jpeg&qlt=70&resMode=sharp2&fit=crop,1&op_usm=0.6,0.6,8&wid=155&hei=155",311 SHAPING SKINNY WOMEN'S JEANS (PLUS SIZE)
https://www.levi.com/US/en_US/clothing/women/plus-size/jeans/315-shaping-bootcut-womens-jeans-plus-size/p/196450037,"https://lsco.scene7.com/is/image/lsco/196450037-side-pdp?fmt=jpeg&qlt=70&resMode=sharp2&fit=crop,1&op_usm=0.6,0.6,8&wid=155&hei=155",315 SHAPING BOOTCUT WOMEN'S JEANS (PLUS SIZE)
https://www.levi.com/US/en_US/clothing/women/jeans/straight/501-original-fit-plant-based-womens-jeans/p/125010491,"https://lsco.scene7.com/is/image/lsco/125010491-natalie-27-detail1-pdp?fmt=jpeg&qlt=70&resMode=sharp2&fit=crop,1&op_usm=0.6,0.6,8&wid=155&hei=155",501® ORIGINAL FIT PLANT BASED WOMEN'S JEANS
https://www.levi.com/US/en_US/clothing/women/plus-size/jeans/wedgie-straight-fit-womens-jeans-plus-size/p/A09770000,"https://lsco.scene7.com/is/image/lsco/A09770000-back-pdp?fmt=jpeg&qlt=70&resMode=sharp2&fit=crop,1&op_usm=0.6,0.6,8&wid=155&hei=155",WEDGIE STRAIGHT FIT WOMEN'S JEANS (PLUS SIZE)
https://www.levi.com/US/en_US/clothing/women/jeans/wide-leg/318-shaping-wide-leg-womens-jeans-plus-size/p/0033F0001,"https://lsco.scene7.com/is/image/lsco/0033F0001-front-pdp?fmt=jpeg&qlt=70&resMode=sharp2&fit=crop,1&op_usm=0.6,0.6,8&wid=155&hei=155",318 SHAPING WIDE LEG WOMEN'S JEANS (PLUS SIZE)
https://www.levi.com/US/en_US/clothing/women/jeans/bootcut/vintage-classic-bootcut-womens-jeans-plus-size/p/A16620002,"https://lsco.scene7.com/is/image/lsco/A16620002-side-pdp?fmt=jpeg&qlt=70&resMode=sharp2&fit=crop,1&op_usm=0.6,0.6,8&wid=155&hei=155",VINTAGE CLASSIC BOOTCUT WOMEN'S JEANS (PLUS SIZE)
https://www.levi.com/US/en_US/clothing/women/jeans/slim/japanese-selvedge-high-rise-slim-womens-jeans/p/A58910000,"https://lsco.scene7.com/is/image/lsco/A58910000-front-pdp?fmt=jpeg&qlt=70&resMode=sharp2&fit=crop,1&op_usm=0.6,0.6,8&wid=155&hei=155",JAPANESE SELVEDGE HIGH-RISE SLIM WOMEN'S JEANS
https://www.levi.com/US/en_US/clothing/women/jeans/skinny/311-shaping-skinny-capri-womens-jeans/p/A00860004,"https://lsco.scene7.com/is/image/lsco/A00860004-side-pdp?fmt=jpeg&qlt=70&resMode=sharp2&fit=crop,1&op_usm=0.6,0.6,8&wid=155&hei=155",311 SHAPING SKINNY CAPRI WOMEN'S JEANS
https://www.levi.com/US/en_US/clothing/women/jeans/straight/ribcage-straight-ankle-lightweight-womens-jeans/p/726930230,"https://lsco.scene7.com/is/image/lsco/726930230-detail1-pdp?fmt=jpeg&qlt=70&resMode=sharp2&fit=crop,1&op_usm=0.6,0.6,8&wid=155&hei=155",RIBCAGE STRAIGHT ANKLE LIGHTWEIGHT WOMEN'S JEANS
https://www.levi.com/US/en_US/made-in-japan/made-in-japan/japanese-selvedge-plank-straight-fit-womens-jeans/p/A91380000,"https://lsco.scene7.com/is/image/lsco/A91380000-detail1-pdp?fmt=jpeg&qlt=70&resMode=sharp2&fit=crop,1&op_usm=0.6,0.6,8&wid=155&hei=155",JAPANESE SELVEDGE PLANK STRAIGHT FIT WOMEN'S JEANS
https://www.levi.com/US/en_US/clothing/women/jeans/bootcut/726-high-rise-flare-womens-jeans-plus-size/p/A36250015,"https://lsco.scene7.com/is/image/lsco/A36250015-front-pdp?fmt=jpeg&qlt=70&resMode=sharp2&fit=crop,1&op_usm=0.6,0.6,8&wid=155&hei=155",726 HIGH RISE FLARE WOMEN'S JEANS (PLUS SIZE)
https://www.levi.com/US/en_US/clothing/women/jeans/bootcut/725-high-rise-bootcut-womens-jeans-plus-size/p/868930036,"https://lsco.scene7.com/is/image/lsco/868930036-front-pdp?fmt=jpeg&qlt=70&resMode=sharp2&fit=crop,1&op_usm=0.6,0.6,8&wid=155&hei=155",725 HIGH RISE BOOTCUT WOMEN'S JEANS (PLUS SIZE)
https://www.levi.com/US/en_US/clothing/women/jeans/skinny/721-high-rise-skinny-womens-jeans/p/188820739,"https://lsco.scene7.com/is/image/lsco/188820739-side-pdp?fmt=jpeg&qlt=70&resMode=sharp2&fit=crop,1&op_usm=0.6,0.6,8&wid=155&hei=155",721 HIGH RISE SKINNY WOMEN'S JEANS
https://www.levi.com/US/en_US/clothing/women/pants/94-baggy-cargo-pants/p/A47070026,"https://lsco.scene7.com/is/image/lsco/A47070026-side-pdp?fmt=jpeg&qlt=70&resMode=sharp2&fit=crop,1&op_usm=0.6,0.6,8&wid=155&hei=155",94 BAGGY CARGO PANTS
https://www.levi.com/US/en_US/clothing/women/plus-size/jeans/wedgie-straight-fit-womens-jeans-plus-size/p/A09770005,"https://lsco.scene7.com/is/image/lsco/A09770005-detail1-pdp?fmt=jpeg&qlt=70&resMode=sharp2&fit=crop,1&op_usm=0.6,0.6,8&wid=155&hei=155",WEDGIE STRAIGHT FIT WOMEN'S JEANS (PLUS SIZE)
https://www.levi.com/US/en_US/clothing/women/jeans/taper/80s-mom-womens-jeans/p/A35000007,"https://lsco.scene7.com/is/image/lsco/A35000007-detail1-pdp?fmt=jpeg&qlt=70&resMode=sharp2&fit=crop,1&op_usm=0.6,0.6,8&wid=155&hei=155",80S MOM WOMEN'S JEANS
https://www.levi.com/US/en_US/clothing/women/jeans/straight/724-high-rise-slim-straight-womens-jeans/p/188830097,"https://lsco.scene7.com/is/image/lsco/188830097-detail1-pdp?fmt=jpeg&qlt=70&resMode=sharp2&fit=crop,1&op_usm=0.6,0.6,8&wid=155&hei=155",724 HIGH RISE SLIM STRAIGHT WOMEN'S JEANS
https://www.levi.com/US/en_US/clothing/women/jeans/straight/501-original-fit-womens-jeans/p/125010546,"https://lsco.scene7.com/is/image/lsco/125010546-detail1-pdp?fmt=jpeg&qlt=70&resMode=sharp2&fit=crop,1&op_usm=0.6,0.6,8&wid=155&hei=155",501® ORIGINAL FIT WOMEN'S JEANS
https://www.levi.com/US/en_US/clothing/women/jeans/bootcut/726-high-rise-flare-womens-jeans/p/A34100004,"https://lsco.scene7.com/is/image/lsco/A34100005-side-pdp?fmt=jpeg&qlt=70&resMode=sharp2&fit=crop,1&op_usm=0.6,0.6,8&wid=155&hei=155",726 HIGH RISE FLARE WOMEN'S JEANS
https://www.levi.com/US/en_US/clothing/women/jeans/bootcut/ribcage-wide-leg-corduroy-womens-jeans/p/A60810013,"https://lsco.scene7.com/is/image/lsco/A60810013-detail1-pdp?fmt=jpeg&qlt=70&resMode=sharp2&fit=crop,1&op_usm=0.6,0.6,8&wid=155&hei=155",RIBCAGE WIDE LEG CORDUROY WOMEN'S JEANS
https://www.levi.com/US/en_US/clothing/women/jeans/straight/314-shaping-straight-womens-jeans/p/196310163,"https://lsco.scene7.com/is/image/lsco/196310163-front-pdp?fmt=jpeg&qlt=70&resMode=sharp2&fit=crop,1&op_usm=0.6,0.6,8&wid=155&hei=155",314 SHAPING STRAIGHT WOMEN'S JEANS
https://www.levi.com/US/en_US/clothing/women/jeans/loose/baggy-dad-wide-leg-womens-jeans/p/A74550003,"https://lsco.scene7.com/is/image/lsco/A74550003-detail1-pdp?fmt=jpeg&qlt=70&resMode=sharp2&fit=crop,1&op_usm=0.6,0.6,8&wid=155&hei=155",BAGGY DAD WIDE LEG WOMEN'S JEANS
https://www.levi.com/US/en_US/clothing/women/jeans/bootcut/vintage-classic-bootcut-womens-jeans/p/A16600004,"https://lsco.scene7.com/is/image/lsco/A16600004-side-pdp-lse?fmt=jpeg&qlt=70&resMode=sharp2&fit=crop,1&op_usm=0.6,0.6,8&wid=155&hei=155",VINTAGE CLASSIC BOOTCUT WOMEN'S JEANS
https://www.levi.com/US/en_US/clothing/women/jeans/skinny/721-high-rise-skinny-womens-jeans/p/188820058,"https://lsco.scene7.com/is/image/lsco/188820058-detail1-pdp?fmt=jpeg&qlt=70&resMode=sharp2&fit=crop,1&op_usm=0.6,0.6,8&wid=155&hei=155",721 HIGH RISE SKINNY WOMEN'S JEANS
https://www.levi.com/US/en_US/clothing/women/jeans/skinny/721-high-rise-skinny-utility-womens-jeans/p/A75210004,"https://lsco.scene7.com/is/image/lsco/A75210004-side-pdp?fmt=jpeg&qlt=70&resMode=sharp2&fit=crop,1&op_usm=0.6,0.6,8&wid=155&hei=155",721 HIGH RISE SKINNY UTILITY WOMEN'S JEANS
https://www.levi.com/US/en_US/clothing/women/jeans/straight/501-original-coated-womens-jeans/p/125010575,"https://lsco.scene7.com/is/image/lsco/125010575-detail1-pdp?fmt=jpeg&qlt=70&resMode=sharp2&fit=crop,1&op_usm=0.6,0.6,8&wid=155&hei=155",501® ORIGINAL COATED WOMEN'S JEANS
https://www.levi.com/US/en_US/clothing/women/jeans/bootcut/ribcage-wide-leg-womens-jeans/p/A60810005,"https://lsco.scene7.com/is/image/lsco/A60810005-detail1-pdp?fmt=jpeg&qlt=70&resMode=sharp2&fit=crop,1&op_usm=0.6,0.6,8&wid=155&hei=155",RIBCAGE WIDE LEG WOMEN'S JEANS
https://www.levi.com/US/en_US/clothing/women/jeans/loose/baggy-dad-womens-jeans/p/A34940013,"https://lsco.scene7.com/is/image/lsco/A34940072-detail1-pdp?fmt=jpeg&qlt=70&resMode=sharp2&fit=crop,1&op_usm=0.6,0.6,8&wid=155&hei=155",BAGGY DAD WOMEN'S JEANS
https://www.levi.com/US/en_US/clothing/women/jeans/straight/501-original-cropped-womens-jeans/p/362000124,"https://lsco.scene7.com/is/image/lsco/362000124-detail1-pdp-lse?fmt=jpeg&qlt=70&resMode=sharp2&fit=crop,1&op_usm=0.6,0.6,8&wid=155&hei=155",501® ORIGINAL CROPPED WOMEN'S JEANS
https://www.levi.com/US/en_US/clothing/women/jeans/loose/94-baggy-bootcut-womens-jeans/p/A87160005,"https://lsco.scene7.com/is/image/lsco/A87160005-side-pdp?fmt=jpeg&qlt=70&resMode=sharp2&fit=crop,1&op_usm=0.6,0.6,8&wid=155&hei=155",94 BAGGY BOOTCUT WOMEN'S JEANS
https://www.levi.com/US/en_US/clothing/women/jeans/bootcut/ribcage-bell-womens-jeans/p/A75030009,"https://lsco.scene7.com/is/image/lsco/A75030020-detail1-pdp?fmt=jpeg&qlt=70&resMode=sharp2&fit=crop,1&op_usm=0.6,0.6,8&wid=155&hei=155",RIBCAGE BELL WOMEN'S JEANS
https://www.levi.com/US/en_US/clothing/women/jeans/bootcut/725-high-rise-bootcut-womens-jeans/p/187590158,"https://lsco.scene7.com/is/image/lsco/187590158-side-pdp-lse?fmt=jpeg&qlt=70&resMode=sharp2&fit=crop,1&op_usm=0.6,0.6,8&wid=155&hei=155",725 HIGH RISE BOOTCUT WOMEN'S JEANS
https://www.levi.com/US/en_US/clothing/women/jeans/bootcut/725-high-rise-bootcut-corduroy-womens-jeans/p/187590164,"https://lsco.scene7.com/is/image/lsco/187590164-side-pdp-lse?fmt=jpeg&qlt=70&resMode=sharp2&fit=crop,1&op_usm=0.6,0.6,8&wid=155&hei=155",725 HIGH RISE BOOTCUT CORDUROY WOMEN'S JEANS
https://www.levi.com/US/en_US/clothing/women/jeans/bootcut/superlow-bootcut-womens-jeans/p/A46790019,"https://lsco.scene7.com/is/image/lsco/A46790019-front-pdp?fmt=jpeg&qlt=70&resMode=sharp2&fit=crop,1&op_usm=0.6,0.6,8&wid=155&hei=155",SUPERLOW BOOTCUT WOMEN'S JEANS
https://www.levi.com/US/en_US/clothing/women/jeans/taper/80s-mom-womens-jeans/p/A35060009,"https://lsco.scene7.com/is/image/lsco/A35060009-back-pdp?fmt=jpeg&qlt=70&resMode=sharp2&fit=crop,1&op_usm=0.6,0.6,8&wid=155&hei=155",80S MOM WOMEN'S JEANS
https://www.levi.com/US/en_US/clothing/women/jeans/loose/baggy-dad-corduroy-womens-jeans/p/A34940051,"https://lsco.scene7.com/is/image/lsco/A34940051-detail1-pdp-lse?fmt=jpeg&qlt=70&resMode=sharp2&fit=crop,1&op_usm=0.6,0.6,8&wid=155&hei=155",BAGGY DAD CORDUROY WOMEN'S JEANS
https://www.levi.com/US/en_US/clothing/women/jeans/straight/501-90s-ankle-layered-womens-jeans/p/001V60000,"https://lsco.scene7.com/is/image/lsco/001V60000-detail1-pdp?fmt=jpeg&qlt=70&resMode=sharp2&fit=crop,1&op_usm=0.6,0.6,8&wid=155&hei=155",501® '90S ANKLE LAYERED WOMEN'S JEANS
https://www.levi.com/US/en_US/clothing/women/jeans/straight/ribcage-straight-ankle-womens-jeans/p/726930130,"https://lsco.scene7.com/is/image/lsco/726930177-natalie-27-detail1-pdp?fmt=jpeg&qlt=70&resMode=sharp2&fit=crop,1&op_usm=0.6,0.6,8&wid=155&hei=155",RIBCAGE STRAIGHT ANKLE WOMEN'S JEANS
https://www.levi.com/US/en_US/clothing/women/jeans/skinny/721-high-rise-skinny-womens-jeans/p/188820047,"https://lsco.scene7.com/is/image/lsco/188820047-side-pdp?fmt=jpeg&qlt=70&resMode=sharp2&fit=crop,1&op_usm=0.6,0.6,8&wid=155&hei=155",721 HIGH RISE SKINNY WOMEN'S JEANS
https://www.levi.com/US/en_US/clothing/women/jeans/straight/501-original-fit-selvedge-womens-jeans/p/125010560,"https://lsco.scene7.com/is/image/lsco/125010560-detail1-pdp?fmt=jpeg&qlt=70&resMode=sharp2&fit=crop,1&op_usm=0.6,0.6,8&wid=155&hei=155",501® ORIGINAL FIT SELVEDGE WOMEN'S JEANS
https://www.levi.com/US/en_US/clothing/women/jeans/straight/724-high-rise-straight-womens-jeans/p/188830301,"https://lsco.scene7.com/is/image/lsco/188830301-side-pdp?fmt=jpeg&qlt=70&resMode=sharp2&fit=crop,1&op_usm=0.6,0.6,8&wid=155&hei=155",724 HIGH RISE STRAIGHT WOMEN'S JEANS
https://www.levi.com/US/en_US/clothing/women/jeans/straight/xl-baggy-straight-womens-jeans/p/A87010014,"https://lsco.scene7.com/is/image/lsco/A87010014-detail1-pdp?fmt=jpeg&qlt=70&resMode=sharp2&fit=crop,1&op_usm=0.6,0.6,8&wid=155&hei=155",XL BAGGY STRAIGHT WOMEN'S JEANS
https://www.levi.com/US/en_US/clothing/women/jeans/straight/501-90s-lightweight-womens-jeans/p/A84210001,"https://lsco.scene7.com/is/image/lsco/A84210004-detail1-pdp?fmt=jpeg&qlt=70&resMode=sharp2&fit=crop,1&op_usm=0.6,0.6,8&wid=155&hei=155",501® '90S LIGHTWEIGHT WOMEN'S JEANS
https://www.levi.com/US/en_US/clothing/women/jeans/straight/ribcage-straight-ankle-performance-cool-womens-jeans/p/726930202,"https://lsco.scene7.com/is/image/lsco/726930202-detail1-pdp?fmt=jpeg&qlt=70&resMode=sharp2&fit=crop,1&op_usm=0.6,0.6,8&wid=155&hei=155",RIBCAGE STRAIGHT ANKLE PERFORMANCE COOL WOMEN'S JEANS
https://www.levi.com/US/en_US/clothing/women/jeans/straight/wedgie-straight-fit-womens-jeans/p/349640146,"https://lsco.scene7.com/is/image/lsco/349640146-front-pdp?fmt=jpeg&qlt=70&resMode=sharp2&fit=crop,1&op_usm=0.6,0.6,8&wid=155&hei=155",WEDGIE STRAIGHT FIT WOMEN'S JEANS
https://www.levi.com/US/en_US/clothing/women/overalls-jumpsuits/overalls/baggy-corduroy-womens-overalls/p/000UG0000,"https://lsco.scene7.com/is/image/lsco/000UG0000-front-pdp?fmt=jpeg&qlt=70&resMode=sharp2&fit=crop,1&op_usm=0.6,0.6,8&wid=155&hei=155",BAGGY CORDUROY WOMEN'S OVERALLS
https://www.levi.com/US/en_US/clothing/women/shorts/501-90s-womens-shorts/p/A19620007,"https://lsco.scene7.com/is/image/lsco/A19620007-front-pdp?fmt=jpeg&qlt=70&resMode=sharp2&fit=crop,1&op_usm=0.6,0.6,8&wid=155&hei=155",501® '90S WOMEN'S SHORTS
https://www.levi.com/US/en_US/clothing/women/jeans/straight/501-90s-cuffed-selvedge-womens-jeans/p/A94270000,"https://lsco.scene7.com/is/image/lsco/A94270000-detail1-pdp?fmt=jpeg&qlt=70&resMode=sharp2&fit=crop,1&op_usm=0.6,0.6,8&wid=155&hei=155",501® '90S CUFFED SELVEDGE WOMEN'S JEANS
https://www.levi.com/US/en_US/clothing/women/jeans/bootcut/726-high-rise-flare-corduroy-womens-jeans/p/A34100057,"https://lsco.scene7.com/is/image/lsco/A34100057-side-pdp?fmt=jpeg&qlt=70&resMode=sharp2&fit=crop,1&op_usm=0.6,0.6,8&wid=155&hei=155",726 HIGH RISE FLARE CORDUROY WOMEN'S JEANS
https://www.levi.com/US/en_US/clothing/women/plus-size/jeans/baggy-dad-womens-jeans-plus-size/p/A34980005,"https://lsco.scene7.com/is/image/lsco/A34980005-front-pdp?fmt=jpeg&qlt=70&resMode=sharp2&fit=crop,1&op_usm=0.6,0.6,8&wid=155&hei=155",BAGGY DAD WOMEN'S JEANS (PLUS SIZE)
https://www.levi.com/US/en_US/clothing/women/jeans/straight/501-original-cropped-womens-jeans-plus-size/p/859530031,"https://lsco.scene7.com/is/image/lsco/859530031-side-pdp?fmt=jpeg&qlt=70&resMode=sharp2&fit=crop,1&op_usm=0.6,0.6,8&wid=155&hei=155",501® ORIGINAL CROPPED WOMEN'S JEANS (PLUS SIZE)
https://www.levi.com/US/en_US/clothing/women/jeans/skinny/711-skinny-womens-jeans/p/188810744,"https://lsco.scene7.com/is/image/lsco/188810744-side-pdp?fmt=jpeg&qlt=70&resMode=sharp2&fit=crop,1&op_usm=0.6,0.6,8&wid=155&hei=155",711 SKINNY WOMEN'S JEANS
https://www.levi.com/US/en_US/clothing/women/pants/superlow-flare-womens-pants/p/A75400006,"https://lsco.scene7.com/is/image/lsco/A75400006-front-pdp?fmt=jpeg&qlt=70&resMode=sharp2&fit=crop,1&op_usm=0.6,0.6,8&wid=155&hei=155",SUPERLOW FLARE WOMEN'S PANTS
https://www.levi.com/US/en_US/clothing/women/jeans/straight/724-high-rise-straight-performance-cool-womens-jeans/p/188830268,"https://lsco.scene7.com/is/image/lsco/188830268-detail1-pdp?fmt=jpeg&qlt=70&resMode=sharp2&fit=crop,1&op_usm=0.6,0.6,8&wid=155&hei=155",724 HIGH RISE STRAIGHT PERFORMANCE COOL WOMEN'S JEANS
https://www.levi.com/US/en_US/clothing/women/jeans/straight/tailored-724-high-rise-straight-womens-jeans/p/A87410000,"https://lsco.scene7.com/is/image/lsco/A87410000-side-pdp?fmt=jpeg&qlt=70&resMode=sharp2&fit=crop,1&op_usm=0.6,0.6,8&wid=155&hei=155",TAILORED 724 HIGH RISE STRAIGHT WOMEN'S JEANS
https://www.levi.com/US/en_US/clothing/women/jeans/straight/501-original-fit-womens-jeans/p/A94260000,"https://lsco.scene7.com/is/image/lsco/A94260000-detail1-pdp?fmt=jpeg&qlt=70&resMode=sharp2&fit=crop,1&op_usm=0.6,0.6,8&wid=155&hei=155",501® ORIGINAL FIT WOMEN'S JEANS
https://www.levi.com/US/en_US/clothing/women/jeans/bootcut/classic-bootcut-womens-jeans/p/392520055,"https://lsco.scene7.com/is/image/lsco/392520055-side-pdp?fmt=jpeg&qlt=70&resMode=sharp2&fit=crop,1&op_usm=0.6,0.6,8&wid=155&hei=155",CLASSIC BOOTCUT WOMEN'S JEANS
https://www.levi.com/US/en_US/clothing/women/jeans/skinny/720-high-rise-super-skinny-womens-jeans/p/527970414,"https://lsco.scene7.com/is/image/lsco/527970414-side-pdp?fmt=jpeg&qlt=70&resMode=sharp2&fit=crop,1&op_usm=0.6,0.6,8&wid=155&hei=155",720 HIGH RISE SUPER SKINNY WOMEN'S JEANS
https://www.levi.com/US/en_US/clothing/women/plus-size/jeans/725-high-rise-bootcut-womens-jeans-plus-size/p/868930019,"https://lsco.scene7.com/is/image/lsco/868930019-front-pdp?fmt=jpeg&qlt=70&resMode=sharp2&fit=crop,1&op_usm=0.6,0.6,8&wid=155&hei=155",725 HIGH RISE BOOTCUT WOMEN'S JEANS (PLUS SIZE)
https://www.levi.com/US/en_US/made-in-japan/made-in-japan/made-in-japan-barrel-womens-jeans/p/A58890006,"https://lsco.scene7.com/is/image/lsco/A58890006-detail1-pdp?fmt=jpeg&qlt=70&resMode=sharp2&fit=crop,1&op_usm=0.6,0.6,8&wid=155&hei=155",MADE IN JAPAN BARREL WOMEN'S JEANS
https://www.levi.com/US/en_US/clothing/women/jeans/skinny/311-shaping-skinny-cool-womens-jeans/p/196260455,"https://lsco.scene7.com/is/image/lsco/196260455-side-pdp-lse?fmt=jpeg&qlt=70&resMode=sharp2&fit=crop,1&op_usm=0.6,0.6,8&wid=155&hei=155",311 SHAPING SKINNY COOL WOMEN'S JEANS
https://www.levi.com/US/en_US/clothing/women/jeans/bootcut/ribcage-wide-leg-corduroy-womens-jeans/p/A60810014,"https://lsco.scene7.com/is/image/lsco/A60810014-detail1-pdp?fmt=jpeg&qlt=70&resMode=sharp2&fit=crop,1&op_usm=0.6,0.6,8&wid=155&hei=155",RIBCAGE WIDE LEG CORDUROY WOMEN'S JEANS
https://www.levi.com/US/en_US/clothing/women/jeans/straight/314-shaping-straight-womens-jeans/p/196310163,"https://lsco.scene7.com/is/image/lsco/196310163-front-pdp?fmt=jpeg&qlt=70&resMode=sharp2&fit=crop,1&op_usm=0.6,0.6,8&wid=155&hei=155",314 SHAPING STRAIGHT WOMEN'S JEANS
https://www.levi.com/US/en_US/clothing/women/jeans/bootcut/ribcage-wide-leg-tailored-womens-jeans/p/A87350001,"https://lsco.scene7.com/is/image/lsco/A87350001-detail1-pdp?fmt=jpeg&qlt=70&resMode=sharp2&fit=crop,1&op_usm=0.6,0.6,8&wid=155&hei=155",RIBCAGE WIDE LEG TAILORED WOMEN'S JEANS
https://www.levi.com/US/en_US/clothing/women/overalls-jumpsuits/overalls/baggy-corduroy-womens-overalls/p/000UG0000,"https://lsco.scene7.com/is/image/lsco/000UG0000-front-pdp?fmt=jpeg&qlt=70&resMode=sharp2&fit=crop,1&op_usm=0.6,0.6,8&wid=155&hei=155",BAGGY CORDUROY WOMEN'S OVERALLS
https://www.levi.com/US/en_US/clothing/women/jeans/315-shaping-bootcut-womens-jeans/p/196320076,"https://lsco.scene7.com/is/image/lsco/196320076-side-pdp-lse?fmt=jpeg&qlt=70&resMode=sharp2&fit=crop,1&op_usm=0.6,0.6,8&wid=155&hei=155",315 SHAPING BOOTCUT WOMEN'S JEANS
https://www.levi.com/US/en_US/clothing/women/plus-size/jeans/721-high-rise-skinny-womens-jeans-plus-size/p/833680010,"https://lsco.scene7.com/is/image/lsco/833680010-front-pdp?fmt=jpeg&qlt=70&resMode=sharp2&fit=crop,1&op_usm=0.6,0.6,8&wid=155&hei=155",721 HIGH RISE SKINNY WOMEN'S JEANS (PLUS SIZE)
https://www.levi.com/US/en_US/clothing/women/jeans/slim/japanese-selvedge-high-rise-boyfriend-womens-jeans/p/A58930000,"https://lsco.scene7.com/is/image/lsco/A58930000-front-pdp?fmt=jpeg&qlt=70&resMode=sharp2&fit=crop,1&op_usm=0.6,0.6,8&wid=155&hei=155",JAPANESE SELVEDGE HIGH RISE BOYFRIEND WOMEN'S JEANS
https://www.levi.com/US/en_US/clothing/women/jeans/skinny/721-high-rise-skinny-performance-cool-womens-jeans/p/188820697,"https://lsco.scene7.com/is/image/lsco/188820697-side-pdp-lse?fmt=jpeg&qlt=70&resMode=sharp2&fit=crop,1&op_usm=0.6,0.6,8&wid=155&hei=155",721 HIGH RISE SKINNY PERFORMANCE COOL WOMEN'S JEANS
https://www.levi.com/US/en_US/clothing/women/jeans/bootcut/retro-725-high-rise-bootcut-womens-jeans/p/A87420000,"https://lsco.scene7.com/is/image/lsco/A87420000-front-pdp?fmt=jpeg&qlt=70&resMode=sharp2&fit=crop,1&op_usm=0.6,0.6,8&wid=155&hei=155",RETRO 725 HIGH RISE BOOTCUT WOMEN'S JEANS
https://www.levi.com/US/en_US/clothing/women/plus-size/jeans/ribcage-straight-ankle-womens-jeans-plus-size/p/388430016,"https://lsco.scene7.com/is/image/lsco/388430016-detail1-pdp?fmt=jpeg&qlt=70&resMode=sharp2&fit=crop,1&op_usm=0.6,0.6,8&wid=155&hei=155",RIBCAGE STRAIGHT ANKLE WOMEN'S JEANS (PLUS SIZE)
https://www.levi.com/US/en_US/clothing/women/jeans/bootcut/superlow-flare-womens-jeans/p/A74540001,"https://lsco.scene7.com/is/image/lsco/A74540001-side-pdp-lse?fmt=jpeg&qlt=70&resMode=sharp2&fit=crop,1&op_usm=0.6,0.6,8&wid=155&hei=155",SUPERLOW FLARE WOMEN'S JEANS
https://www.levi.com/US/en_US/levis-wellthread/levis-womens-wellthread-baggy-dad-jeans/p/A30280007,"https://lsco.scene7.com/is/image/lsco/A30280007-detail1-pdp?fmt=jpeg&qlt=70&resMode=sharp2&fit=crop,1&op_usm=0.6,0.6,8&wid=155&hei=155",LEVI’S® WOMEN’S WELLTHREAD® BAGGY DAD JEANS
https://www.levi.com/US/en_US/clothing/women/jeans/straight/ribcage-straight-ankle-corduroy-womens-pants/p/797550029,"https://lsco.scene7.com/is/image/lsco/797550029-detail1-pdp?fmt=jpeg&qlt=70&resMode=sharp2&fit=crop,1&op_usm=0.6,0.6,8&wid=155&hei=155",RIBCAGE STRAIGHT ANKLE CORDUROY WOMEN'S PANTS
https://www.levi.com/US/en_US/made-in-japan/made-in-japan/made-in-japan-barrel-womens-jeans/p/A58890005,"https://lsco.scene7.com/is/image/lsco/A58890005-detail1-pdp?fmt=jpeg&qlt=70&resMode=sharp2&fit=crop,1&op_usm=0.6,0.6,8&wid=155&hei=155",MADE IN JAPAN BARREL WOMEN'S JEANS
https://www.levi.com/US/en_US/clothing/women/jeans/straight/xl-baggy-straight-womens-jeans/p/A87010000,"https://lsco.scene7.com/is/image/lsco/A87010000-detail1-pdp?fmt=jpeg&qlt=70&resMode=sharp2&fit=crop,1&op_usm=0.6,0.6,8&wid=155&hei=155",XL BAGGY STRAIGHT WOMEN'S JEANS
https://www.levi.com/US/en_US/levis-x-mclaren-f1/levis-x-mclaren-racing-speed-jeans/p/A89860000,"https://lsco.scene7.com/is/image/lsco/A89860000-dynamic1-pdp?fmt=jpeg&qlt=70&resMode=sharp2&fit=crop,1&op_usm=0.6,0.6,8&wid=155&hei=155",LEVI'S® X MCLAREN RACING SPEED JEANS
https://www.levi.com/US/en_US/clothing/women/jeans/skinny/721-high-rise-skinny-womens-jeans/p/188820738,"https://lsco.scene7.com/is/image/lsco/188820738-side-pdp?fmt=jpeg&qlt=70&resMode=sharp2&fit=crop,1&op_usm=0.6,0.6,8&wid=155&hei=155",721 HIGH RISE SKINNY WOMEN'S JEANS
https://www.levi.com/US/en_US/clothing/women/overalls-jumpsuits/overalls/vintage-womens-overalls/p/853150031,"https://lsco.scene7.com/is/image/lsco/853150031-front-pdp?fmt=jpeg&qlt=70&resMode=sharp2&fit=crop,1&op_usm=0.6,0.6,8&wid=155&hei=155",VINTAGE WOMEN'S OVERALLS
https://www.levi.com/US/en_US/clothing/women/jeans/bootcut/retro-726-high-rise-flare-womens-jeans/p/A93150002,"https://lsco.scene7.com/is/image/lsco/A93150002-side-pdp?fmt=jpeg&qlt=70&resMode=sharp2&fit=crop,1&op_usm=0.6,0.6,8&wid=155&hei=155",RETRO 726 HIGH RISE FLARE WOMEN'S JEANS
https://www.levi.com/US/en_US/clothing/women/jeans/taper/boyfriend-mid-rise-womens-jeans/p/198870266,"https://lsco.scene7.com/is/image/lsco/198870266-side-pdp?fmt=jpeg&qlt=70&resMode=sharp2&fit=crop,1&op_usm=0.6,0.6,8&wid=155&hei=155",BOYFRIEND MID RISE WOMEN'S JEANS
https://www.levi.com/US/en_US/made-in-japan/made-in-japan/japanese-selvedge-plank-straight-womens-jeans/p/A91380001,"https://lsco.scene7.com/is/image/lsco/A91380001-detail1-pdp?fmt=jpeg&qlt=70&resMode=sharp2&fit=crop,1&op_usm=0.6,0.6,8&wid=155&hei=155",JAPANESE SELVEDGE PLANK STRAIGHT WOMEN'S JEANS
