image,name
https://luckybrand.bynder.com/match/WebName/7WD10721_410_3/MID_RISE_SWEET_BOOT_410?preset=wblg,Mid Rise Sweet Boot
https://luckybrand.bynder.com/match/WebName/7M12737_410_3/363_VINTAGE_STRAIGHT_COOLMAX_STRETCH_JEAN_410?preset=wblg,363 Vintage Straight Coolmax Stretch Jean
https://luckybrand.bynder.com/match/WebName/140093_450_3/BARREL_LEG_450?preset=wblg,Barrel Leg
https://luckybrand.bynder.com/match/WebName/7M12782_410_3/410_ATHLETIC_STRAIGHT_COOLMAX_STRETCH_JEAN_410?preset=wblg,410 Athletic Straight Coolmax Stretch Jean
https://luckybrand.bynder.com/match/WebName/128322_410_3/HIGH_RISE_STEVIE_WIDE_LEG_410?preset=wblg,High Rise Stevie Wide Leg
https://luckybrand.bynder.com/match/WebName/133080_440_3/363_VINTAGE_STRAIGHT_440?preset=wblg,363 Vintage Straight
https://luckybrand.bynder.com/match/WebName/144121_430_3/MID_RISE_SWEET_WIDE_LEG_430?preset=wblg,Mid Rise Sweet Wide Leg
https://luckybrand.bynder.com/match/WebName/131695_410_3/363_VINTAGE_STRAIGHT_410?preset=wblg,363 Vintage Straight
https://luckybrand.bynder.com/match/WebName/131695_280_3/363_VINTAGE_STRAIGHT_280?preset=wblg,363 Vintage Straight
https://luckybrand.bynder.com/match/WebName/131695_050_3/363_VINTAGE_STRAIGHT_050?preset=wblg,363 Vintage Straight
https://luckybrand.bynder.com/match/WebName/131695_030_3/363_VINTAGE_STRAIGHT_030?preset=wblg,363 Vintage Straight
https://luckybrand.bynder.com/match/WebName/7W15846_410_3/LOW_RISE_FLARE_410?preset=wblg,Low Rise Flare
https://luckybrand.bynder.com/match/WebName/7M13212_400_3/363_VINTAGE_STRAIGHT_COOLMAX_STRETCH_JEAN_400?preset=wblg,363 Vintage Straight Coolmax Stretch Jean
https://luckybrand.bynder.com/match/WebName/7W15947_430_3/THE_BAGGY_430?preset=wblg,The Baggy
https://luckybrand.bynder.com/match/WebName/133782_420_3/COLE_HAUSER_363_VINTAGE__STRAIGHT__JEAN_420?preset=wblg,Cole Hauser 363 Vintage Straight Jean
https://luckybrand.bynder.com/match/WebName/158589_410_3/THE_BAGGY_410?preset=wblg,The Baggy
https://luckybrand.bynder.com/match/WebName/134602_420_3/GOLD_RUSH_420?preset=wblg,Gold Rush Frontier Flare
https://luckybrand.bynder.com/match/WebName/128269_420_3/GOLD_RUSH_LEGEND_MID_RISE_BOY_420?preset=wblg,Gold Rush Legend Mid Rise Boy
https://luckybrand.bynder.com/match/WebName/143834_410_3/410_ATHLETIC_STRAIGHT_410?preset=wblg,410 Athletic Straight
https://luckybrand.bynder.com/match/WebName/7W16033_440_3/WIDE_LEG_LIQUID_DENIM_LUXE_PALAZZO_440?preset=wblg,Wide Leg Liquid Denim Luxe Palazzo
https://luckybrand.bynder.com/match/WebName/143836_420_3/223_STRAIGHT_420?preset=wblg,223 Straight
https://luckybrand.bynder.com/match/WebName/7W15814_430_3/WIDE_LEG_PLEATED_LIQUID_DENIM_LUXE_PALAZZO_430?preset=wblg,Wide Leg Pleated Liquid Denim Luxe Palazzo
https://luckybrand.bynder.com/match/WebName/132626_220_3/181_RELAXED_UTILITY_220?preset=wblg,181 Relaxed Utility
https://luckybrand.bynder.com/match/WebName/132626_020_3/181_RELAXED_UTILITY_020?preset=wblg,181 Relaxed Utility
https://luckybrand.bynder.com/match/WebName/132626_230_3/181_RELAXED_UTILITY_230?preset=wblg,181 Relaxed Utility
https://luckybrand.bynder.com/match/WebName/132626_231_3/181_RELAXED_UTILITY_231?preset=wblg,181 Relaxed Utility
https://luckybrand.bynder.com/match/WebName/129265_450_3/PALAZZO_450?preset=wblg,Wide Leg Pleated Liquid Denim Luxe Palazzo
https://luckybrand.bynder.com/match/WebName/139755_440_3/287_LOOSE_FIT_440?preset=wblg,287 Loose Fit
https://luckybrand.bynder.com/match/WebName/128577_440_3/BARREL_LEG_440?preset=wblg,Barrel Leg
https://luckybrand.bynder.com/match/WebName/7M13685_230_3/223_STRAIGHT_SATEEN_STRETCH_JEAN_230?preset=wblg,223 Straight Sateen Stretch Jean
https://luckybrand.bynder.com/match/WebName/7M13685_290_3/223_STRAIGHT_SATEEN_STRETCH_JEAN_290?preset=wblg,223 Straight Sateen Stretch Jean
https://luckybrand.bynder.com/match/WebName/7M13685_450_3/223_STRAIGHT_SATEEN_STRETCH_JEAN_450?preset=wblg,223 Straight Sateen Stretch Jean
https://luckybrand.bynder.com/match/WebName/128274_450_3/90S_LOOSE_CROP_450?preset=wblg,90s Loose Crop
https://luckybrand.bynder.com/match/WebName/128342_680_3/MID_RISE_SWEET_STRAIGHT_680?preset=wblg,Mid Rise Sweet Straight
https://luckybrand.bynder.com/match/WebName/7M13401_410_3/412_ATHLETIC_SLIM_COOLMAX_JEAN_410?preset=wblg,412 Athletic Slim Coolmax Jean
https://luckybrand.bynder.com/match/WebName/144120_110_3/MID_RISE_SWEET_WIDE_LEG_110?preset=wblg,Mid Rise Sweet Wide Leg
https://luckybrand.bynder.com/match/WebName/139756_430_3/287_LOOSE_FIT_430?preset=wblg,287 Loose Fit
https://luckybrand.bynder.com/match/WebName/7W13788_410_3/MID_RISE_SWEET_STRAIGHT_410?preset=wblg,Mid Rise Sweet Straight
https://luckybrand.bynder.com/match/WebName/128292_420_3/363_VINTAGE_STRAIGHT_420?preset=wblg,363 Vintage Straight
https://luckybrand.bynder.com/match/WebName/7W15768_440_3/LUCKY_LEGEND_CROP_PATCH_POCKET_WIDE_LEG_440?preset=wblg,Lucky Legend Crop Patch Pocket Wide Leg
https://luckybrand.bynder.com/match/WebName/7M12697_420_3/410_ATHLETIC_STRAIGHT_COOLMAX_STRETCH_JEAN_420?preset=wblg,410 Athletic Straight Coolmax Stretch Jean
https://luckybrand.bynder.com/match/WebName/7W15951_440_3/SWEET_MID_RISE_BOOT_440?preset=wblg,Sweet Mid Rise Boot
https://luckybrand.bynder.com/match/WebName/7W15708_440_3/HIGH_RISE_STEVIE_FLARE_440?preset=wblg,High Rise Stevie Flare
https://luckybrand.bynder.com/match/WebName/131690_410_3/410_ATHLETIC_STRAIGHT_410?preset=wblg,410 Athletic Straight
https://luckybrand.bynder.com/match/WebName/7W15711_410_3/LOW_RISE_FLARE_410?preset=wblg,Low Rise Flare
https://luckybrand.bynder.com/match/WebName/128283_440_3/223_STRAIGHT_440?preset=wblg,223 Straight
https://luckybrand.bynder.com/match/WebName/128311_110_3/THE_BAGGY_110?preset=wblg,The Baggy
https://luckybrand.bynder.com/match/WebName/128507_100_3/410_ATHLETIC_STRAIGHT_100?preset=wblg,410 Athletic Straight
https://luckybrand.bynder.com/match/WebName/133345_320_3/BARREL_LEG_320?preset=wblg,Barrel Leg
https://luckybrand.bynder.com/match/WebName/7M12894_420_3/363_VINTAGE_STRAIGHT_COOLMAX_STRETCH_JEAN_420?preset=wblg,363 Vintage Straight Coolmax Stretch Jean
https://luckybrand.bynder.com/match/WebName/7W13324_420_3/MID_RISE_SWEET_BOOT_420?preset=wblg,Mid Rise Sweet Boot
https://luckybrand.bynder.com/match/WebName/7M13418_410_3/EASY_RIDER_BOOTCUT_COOLMAX_STRETCH_JEAN_410?preset=wblg,Easy Rider Bootcut Coolmax Stretch Jean
https://luckybrand.bynder.com/match/WebName/7W15723_110_3/PALAZZO_110?preset=wblg,Wide Leg Pleated Liquid Denim Luxe Palazzo
https://luckybrand.bynder.com/match/WebName/7W15793_420_3/KND_EASY_RIDER_BOOT_420?preset=wblg,Knd Easy Rider Boot
https://luckybrand.bynder.com/match/WebName/140514_100_3/223_STRAIGHT_100?preset=wblg,223 Straight
https://luckybrand.bynder.com/match/WebName/7W15613_420_3/MID_RISE_SWEET_STRAIGHT_420?preset=wblg,Mid Rise Sweet Straight
https://luckybrand.bynder.com/match/WebName/128759_430_3/287_LOOSE_FIT_430?preset=wblg,287 Loose Fit
https://luckybrand.bynder.com/match/WebName/133155_430_3/412_ATHLETIC_SLIM_430?preset=wblg,412 Athletic Slim
https://luckybrand.bynder.com/match/WebName/128582_450_3/SWEET_MR_KICK_CROP_450?preset=wblg,Sweet Mid Rise Kick Crop
https://luckybrand.bynder.com/match/WebName/128248_420_3/MID_RISE_SWEET_FLARE_420?preset=wblg,Mid Rise Sweet Flare
https://luckybrand.bynder.com/match/WebName/7M13729_420_3/181_RELAXED_STRAIGHT_420?preset=wblg,181 Relaxed Straight
https://luckybrand.bynder.com/match/WebName/128584_420_3/SWEET_KICK_CROP_420?preset=wblg,Mid Rise Sweet Kick Crop
https://luckybrand.bynder.com/match/WebName/134597_420_3/GOLD_RUSH_420?preset=wblg,Gold Rush Pioneer Jean
https://luckybrand.bynder.com/match/WebName/128524_420_3/CULOTTE_420?preset=wblg,Culotte Short
https://luckybrand.bynder.com/match/WebName/139751_440_3/412_ATHLETIC_SLIM_440?preset=wblg,412 Athletic Slim
https://luckybrand.bynder.com/match/WebName/7W16028_440_3/PATCH_POCKET_PULL_ON_JEAN_440?preset=wblg,Patch Pocket Pull On Jean
https://luckybrand.bynder.com/match/WebName/128506_430_3/410_ATHLETIC_STRAIGHT_430?preset=wblg,410 Athletic Straight
https://luckybrand.bynder.com/match/WebName/133521_440_3/GOLD_RUSH_440?preset=wblg,Gold Rush Pioneer Jean
https://luckybrand.bynder.com/match/WebName/143224_440_3/SWEET_CROP_440?preset=wblg,Mid Rise Sweet Crop
https://luckybrand.bynder.com/match/WebName/7W15976_450_3/PATCH_POCKET_HIGH_RISE_WIDE_LEG_450?preset=wblg,Legend Patch Pocket High Rise Wide Leg
https://luckybrand.bynder.com/match/WebName/133647_450_3/THE_BAGGY_450?preset=wblg,The Baggy
https://luckybrand.bynder.com/match/WebName/143837_410_3/223_STRAIGHT_410?preset=wblg,223 Straight
https://luckybrand.bynder.com/match/WebName/7W15616_410_3/HIGH_RISE_ZOE_STRAIGHT_410?preset=wblg,High Rise Zoe Straight
https://luckybrand.bynder.com/match/WebName/7M13024_410_3/223_STRAIGHT_COOLMAX_STRETCH_JEAN_410?preset=wblg,223 Straight Coolmax Stretch Jean
https://luckybrand.bynder.com/match/WebName/7W15705_440_3/SWEET_FLARE_440?preset=wblg,Mid Rise Sweet Flare
https://luckybrand.bynder.com/match/WebName/7M13402_420_3/412_ATHLETIC_SLIM_ADVANCED_STRETCH_JEAN_420?preset=wblg,412 Athletic Slim Advanced Stretch Jean
https://luckybrand.bynder.com/match/WebName/140088_110_3/MID_RISE_SWEET_BOOT_110?preset=wblg,Mid Rise Sweet Boot
https://luckybrand.bynder.com/match/WebName/139753_060_3/223_STRAIGHT_060?preset=wblg,223 Straight
https://luckybrand.bynder.com/match/WebName/128262_420_3/LOW_RISE_FLARE_420?preset=wblg,Low Rise Flare
https://luckybrand.bynder.com/match/WebName/7M13495_430_3/EASY_RIDER_BOOT_JEAN_430?preset=wblg,Easy Rider Boot Jean
https://luckybrand.bynder.com/match/WebName/129090_450_3/BAGGY_WIDE_LEG_450?preset=wblg,Baggy Wide Leg
https://luckybrand.bynder.com/match/WebName/151245_420_3/BAGGY_WIDE_LEG_420?preset=wblg,Baggy Wide Leg
https://luckybrand.bynder.com/match/WebName/151954_450_3/BAGGY_WIDE_LEG_450?preset=wblg,Baggy Wide Leg
https://luckybrand.bynder.com/match/WebName/7M13621_430_3/Easy_Rider_Boot_Premium_Coolmax_Stretch_Jean_430?preset=wblg,Easy Rider Boot Premium Coolmax Stretch Jean
https://luckybrand.bynder.com/match/WebName/131715_310_3/410_ATHLETIC_STRAIGHT_310?preset=wblg,410 Athletic Straight
https://luckybrand.bynder.com/match/WebName/131715_270_4/410_ATHLETIC_STRAIGHT_270?preset=wblg,410 Athletic Straight
https://luckybrand.bynder.com/match/WebName/131715_040_3/410_ATHLETIC_STRAIGHT_040?preset=wblg,410 Athletic Straight
https://luckybrand.bynder.com/match/WebName/140392_440_3/HIGH_RISE_CURVY_FLARE_440?preset=wblg,High Rise Curvy Flare
https://luckybrand.bynder.com/match/WebName/133525_430_3/GOLD_RUSH_430?preset=wblg,Gold Rush Frontier Flare
https://luckybrand.bynder.com/match/WebName/131722_420_3/EASY_RIDER_BOOT_420?preset=wblg,Easy Rider Boot
https://luckybrand.bynder.com/match/WebName/7M13728_410_3/181_RELAXED_STRAIGHT_COOLMAX_JEAN_410?preset=wblg,181 Relaxed Straight Coolmax Jean
https://luckybrand.bynder.com/match/WebName/140091_450_3/HIGH_RISE_STEVIE_PATCH_POCKET_FLARE_450?preset=wblg,High Rise Stevie Patch Pocket Flare
https://luckybrand.bynder.com/match/WebName/134020_450_3/181_RELAXED_UTILITY_450?preset=wblg,181 Relaxed Utility
https://luckybrand.bynder.com/match/WebName/128580_110_3/BARREL_LEG_110?preset=wblg,Barrel Leg
https://luckybrand.bynder.com/match/WebName/119334_420_3/PALAZZO_TROUSER_420?preset=wblg,Wide Leg Pleated Palazzo Trouser
https://luckybrand.bynder.com/match/WebName/128263_110_3/LOW_RISE_FLARE_110?preset=wblg,Low Rise Flare
https://luckybrand.bynder.com/match/WebName/143838_430_3/363_VINTAGE_STRAIGHT_430?preset=wblg,363 Vintage Straight
https://luckybrand.bynder.com/match/WebName/7W15352_420_3/MID_RISE_SWEET_STRAIGHT_420?preset=wblg,Mid Rise Sweet Straight
https://luckybrand.bynder.com/match/WebName/133406_420_3/GOLD_RUSH_LEGEND_EASY_RIDER_420?preset=wblg,Gold Rush Legend Easy Rider
https://luckybrand.bynder.com/match/WebName/133082_440_3/181_RELAXED_STRAIGHT_440?preset=wblg,181 Relaxed Straight
https://luckybrand.bynder.com/match/WebName/128240_450_3/MID_RISE_SWEET_WIDE_LEG_450?preset=wblg,Mid Rise Sweet Wide Leg
https://luckybrand.bynder.com/match/WebName/128588_420_3/HIGH_RISE_STEVIE_BELL_FLARE_420?preset=wblg,High Rise Stevie Bell Flare
https://luckybrand.bynder.com/match/WebName/140062_430_3/181_RELAXED_STRAIGHT_430?preset=wblg,181 Relaxed Straight
https://luckybrand.bynder.com/match/WebName/133339_050_3/MID_RISE_SWEET_FLARE_050?preset=wblg,Mid Rise Sweet Flare
https://luckybrand.bynder.com/match/WebName/133413_420_3/BARREL_LEG_OVERALL_420?preset=wblg,Barrel Leg Overall
https://luckybrand.bynder.com/match/WebName/143835_420_3/410_ATHLETIC_STRAIGHT_420?preset=wblg,410 Athletic Straight
https://luckybrand.bynder.com/match/WebName/136584_450_3/DENIM_TRACK_PANTS_450?preset=wblg,Denim Track Pant
https://luckybrand.bynder.com/match/WebName/129577_420_3/LEGEND_MID_RISE_BOY_420?preset=wblg,Legend Mid Rise Boy
https://luckybrand.bynder.com/match/WebName/140391_430_3/MID_RISE_CURVY_STRAIGHT_430?preset=wblg,High Rise Curvy Straight
https://luckybrand.bynder.com/match/WebName/7M13454_420_3/223_STRAIGHT_COMFORT_STRETCH_JEAN_420?preset=wblg,223 Straight Comfort Stretch Jean
https://luckybrand.bynder.com/match/WebName/128235_450_3/MID_RISE_SWEET_STRAIGHT_450?preset=wblg,Mid Rise Sweet Straight
https://luckybrand.bynder.com/match/WebName/7W15968_430_3/MID_RISE_SWEET_FLARE_430?preset=wblg,Mid Rise Sweet Flare
https://luckybrand.bynder.com/match/WebName/7M13683_230_3/410_ATHLETIC_SATEEN_STRETCH_JEAN_230?preset=wblg,410 Athletic Sateen Stretch Jean
https://luckybrand.bynder.com/match/WebName/7M13683_020_3/410_ATHLETIC_SATEEN_STRETCH_JEAN_020?preset=wblg,410 Athletic Sateen Stretch Jean
https://luckybrand.bynder.com/match/WebName/7M13683_330_3/410_ATHLETIC_SATEEN_STRETCH_JEAN_330?preset=wblg,410 Athletic Sateen Stretch Jean
https://luckybrand.bynder.com/match/WebName/7M13683_200_3/410_ATHLETIC_SATEEN_STRETCH_JEAN_200?preset=wblg,410 Athletic Sateen Stretch Jean
https://luckybrand.bynder.com/match/WebName/7W15794_430_3/HIGH_RISE_PATCH_POCKET_STEVIE_FLARE_430?preset=wblg,High Rise Patch Pocket Stevie Flare
https://luckybrand.bynder.com/match/WebName/7M13049_001_3/363_VINTAGE_STRAIGHT_ADVANCED_STRETCH_JEAN_001?preset=wblg,363 Vintage Straight Advanced Stretch Jean
https://luckybrand.bynder.com/match/WebName/7M13450_410_3/110_SLIM_COOLMAX_STRETCH_JEAN_410?preset=wblg,110 Slim Coolmax Stretch Jean
https://luckybrand.bynder.com/match/WebName/7W15338_420_3/MID_RISE_AVA_SKINNY_420?preset=wblg,Mid Rise Ava Skinny
https://luckybrand.bynder.com/match/WebName/7W15612_001_3/MID_RISE_SWEET_STRAIGHT_001?preset=wblg,Mid Rise Sweet Straight
https://luckybrand.bynder.com/match/WebName/119208_400_3/SWEET_MID_RISE_BOOT_400?preset=wblg,Mid Rise Sweet Boot
https://luckybrand.bynder.com/match/WebName/7M13730_430_3/181_RELAXED_STRAIGHT_430?preset=wblg,181 Relaxed Straight
https://luckybrand.bynder.com/match/WebName/7W15704_420_3/MID_RISE_SWEET_FLARE_420?preset=wblg,Mid Rise Sweet Flare
https://luckybrand.bynder.com/match/WebName/131716_200_3/223_STRAIGHT_CORDUROY_200?preset=wblg,223 Straight Corduroy
https://luckybrand.bynder.com/match/WebName/131716_030_3/223_STRAIGHT_CORDUROY_030?preset=wblg,223 Straight Corduroy
https://luckybrand.bynder.com/match/WebName/131716_291_3/223_STRAIGHT_CORDUROY_291?preset=wblg,223 Straight Corduroy
https://luckybrand.bynder.com/match/WebName/7W15724_420_3/MID_RISE_BOY_420?preset=wblg,Mid Rise Boy
https://luckybrand.bynder.com/match/WebName/7W15791_410_3/MID_RISE_SWEET_BOOT_410?preset=wblg,Mid Rise Sweet Boot
https://luckybrand.bynder.com/match/WebName/132944_100_3/181_RELAXED_STRAIGHT_100?preset=wblg,181 Relaxed Straight
https://luckybrand.bynder.com/match/WebName/133349_450_3/HIGH_RISE_STEVIE_MINI_BOOT_450?preset=wblg,High Rise Stevie Mini Boot
https://luckybrand.bynder.com/match/WebName/124545_400_3/410_ATHLETIC_STRAIGHT_400?preset=wblg,410 Athletic Straight
https://luckybrand.bynder.com/match/WebName/126650_400_3/COLE_HAUSER_363_VINTAGE__STRAIGHT__JEAN_400?preset=wblg,Cole Hauser 363 Vintage Straight Jean
https://luckybrand.bynder.com/match/WebName/136499_410_3/COLE_HAUSER_EASY_RIDER_BOOT_410?preset=wblg,Cole Hauser Easy Rider Boot
https://luckybrand.bynder.com/match/WebName/124547_400_3/223_STRAIGHT_400?preset=wblg,223 Straight
https://luckybrand.bynder.com/match/WebName/131719_420_3/363_VINTAGE_STRAIGHT_420?preset=wblg,363 Vintage Straight
https://luckybrand.bynder.com/match/WebName/7W15950_430_4/MID_RISE_SWEET_STRAIGHT_430?preset=wblg,Mid Rise Sweet Straight
https://luckybrand.bynder.com/match/WebName/124548_400_3/363_VINTAGE_STRAIGHT_400?preset=wblg,363 Vintage Straight
https://luckybrand.bynder.com/match/WebName/131641_400_3/HIGH_RISE_STEVIE_FLARE_400?preset=wblg,High Rise Stevie Flare
https://luckybrand.bynder.com/match/WebName/7M12877_410_3/110_SLIM_COOLMAX_STRETCH_JEAN_410?preset=wblg,110 Slim Coolmax Stretch Jean
https://luckybrand.bynder.com/match/WebName/7M13451_410_3/223_STRAIGHT_COOLMAX_STRETCH_JEAN_410?preset=wblg,223 Straight Coolmax Stretch Jean
https://luckybrand.bynder.com/match/WebName/131696_410_3/412_ATHLETIC_SLIM_410?preset=wblg,412 Athletic Slim
https://luckybrand.bynder.com/match/WebName/7M13193_001_3/223_STRAIGHT_ADVANCED_STRETCH_JEAN_001?preset=wblg,223 Straight Advanced Stretch Jean
https://luckybrand.bynder.com/match/WebName/7M13042_001_3/410_ATHLETIC_STRAIGHT_ADVANCED_STRETCH_JEAN_001?preset=wblg,410 Athletic Straight Advanced Stretch Jean
https://luckybrand.bynder.com/match/WebName/131692_410_3/223_STRAIGHT_410?preset=wblg,223 Straight
https://luckybrand.bynder.com/match/WebName/131653_420_3/HIGH_RISE_CURVY_FLARE_420?preset=wblg,High Rise Curvy Flare
https://luckybrand.bynder.com/match/WebName/124878_420_3/HIGH_RISE_CURVY_BOOT_420?preset=wblg,High Rise Curvy Boot
https://luckybrand.bynder.com/match/WebName/131724_030_3/412_ATHLETIC_SLIM_030?preset=wblg,412 Athletic Slim
https://luckybrand.bynder.com/match/WebName/124876_400_3/HIGH_RISE_CURVY_BOOT_400?preset=wblg,High Rise Curvy Boot
https://luckybrand.bynder.com/match/WebName/7M13010_420_3/223_STRAIGHT_COOLMAX_STRETCH_JEAN_420?preset=wblg,223 Straight Coolmax Stretch Jean
https://luckybrand.bynder.com/match/WebName/131645_400_3/MID_RISE_SWEET_STRAIGHT_400?preset=wblg,Mid Rise Sweet Straight
https://luckybrand.bynder.com/match/WebName/131654_400_3/HIGH_RISE_CURVY_FLARE_400?preset=wblg,High Rise Curvy Flare
https://luckybrand.bynder.com/match/WebName/7W12559_410_3/MID_RISE_SWEET_STRAIGHT_410?preset=wblg,Mid Rise Sweet Straight
https://luckybrand.bynder.com/match/WebName/119254_430_3/410_ATHLETIC_STRAIGHT_430?preset=wblg,410 Athletic Straight
https://luckybrand.bynder.com/match/WebName/119259_420_3/410_ATHLETIC_STRAIGHT_420?preset=wblg,410 Athletic Straight
https://luckybrand.bynder.com/match/WebName/137849_110_3/BARREL_OVERALL_110?preset=wblg,Barrel Overall
https://luckybrand.bynder.com/match/WebName/7W15869_410_3/MID_RISE_AVA_SHORT_410?preset=wblg,Mid Rise Ava Short
https://luckybrand.bynder.com/match/WebName/133351_110_3/CULOTTE_110?preset=wblg,Culotte Short
https://luckybrand.bynder.com/match/WebName/134573_450_3/90S_LOOSE_SHORT_450?preset=wblg,90s Loose Short
https://luckybrand.bynder.com/match/WebName/7W15870_111_3/MID_RISE_AVA_SHORT_111?preset=wblg,Mid Rise Ava Short
https://luckybrand.bynder.com/match/WebName/136957_410_3/SLOUCHY_SHORT_410?preset=wblg,Slouchy Short
https://luckybrand.bynder.com/match/WebName/7W15750_420_3/LUCKY_LEGEND_LOW_RISE_SHORT_420?preset=wblg,Lucky Legend Low Rise Short
https://luckybrand.bynder.com/match/WebName/137833_430_3/MID_RISE_FESTIVAL_SHORT_430?preset=wblg,Mid Rise Festival Short
https://luckybrand.bynder.com/match/WebName/134993_680_3/MID_RISE_FESTIVAL_SHORT_680?preset=wblg,Mid Rise Festival Short
https://luckybrand.bynder.com/match/WebName/135849_450_3/WESTIVAL_FRINGE_DENIM_JACKET_450?preset=wblg,Westival Fringe Denim Jacket
https://luckybrand.bynder.com/match/WebName/128522_440_3/BARREL_SLEEVE_TRUCKER_JACKET_440?preset=wblg,Barrel Sleeve Trucker Jacket
https://luckybrand.bynder.com/match/WebName/128237_110_3/MID_RISE_SWEET_STRAIGHT_110?preset=wblg,Mid Rise Sweet Straight
https://luckybrand.bynder.com/match/WebName/140089_110_3/SWEET_FLARE_110?preset=wblg,Sweet Flare
https://luckybrand.bynder.com/match/WebName/134073_210_3/CANVAS_BARREL_LEG_UTILITY_PANT_210?preset=wblg,Canvas Barrel Leg Utility Pant
https://luckybrand.bynder.com/match/WebName/7W15972_420_3/HIGH_RISE_MOM_SHORT_420?preset=wblg,High Rise Mom Short
https://luckybrand.bynder.com/match/WebName/133707_110_3/LUCKY_LEGEND_CROP_PATCH_POCKET_WIDE_LEG_110?preset=wblg,Lucky Legend Crop Patch Pocket Wide Leg
https://luckybrand.bynder.com/match/WebName/133708_450_3/LUCKY_LEGEND_CROP_WIDE_LEG_450?preset=wblg,Lucky Legend Crop Patch Pocket Wide Leg
https://luckybrand.bynder.com/match/WebName/134655_110_3/MID_RISE_FESTIVAL_SHORT_110?preset=wblg,Mid Rise Festival Short
https://luckybrand.bynder.com/match/WebName/133522_430_3/GOLD_RUSH_430?preset=wblg,Gold Rush Pioneer Jean
https://luckybrand.bynder.com/match/WebName/145336_440_3/LOOSE_SHORT_440?preset=wblg,Loose Short
https://luckybrand.bynder.com/match/WebName/128328_451_3/LOOSE_BERMUDA_SHORT_451?preset=wblg,Loose Bermuda Short
https://luckybrand.bynder.com/match/WebName/134654_420_3/GOLD_RUSH_LOW_RISE_FESTIVAL_SHORT_420?preset=wblg,Gold Rush Low Rise Festival Short
https://luckybrand.bynder.com/match/WebName/133350_110_3/MID_RISE_CURVY_FLARE_110?preset=wblg,High Rise Curvy Flare
https://luckybrand.bynder.com/match/WebName/128949_110_3/HIGH_RISE_BRIDGETTE_SKINNY_110?preset=wblg,High Rise Bridgette Skinny
https://luckybrand.bynder.com/match/WebName/128540_110_3/HIGH_RISE_SEAMED_STEVIE_FLARE_110?preset=wblg,High Rise Seamed Stevie Flare
https://luckybrand.bynder.com/match/WebName/128335_110_3/HIGH_RISE_SHORTY_110?preset=wblg,High Rise Shorty
https://luckybrand.bynder.com/match/WebName/133344_420_3/MID_RISE_BOY_420?preset=wblg,Mid Rise Boy
https://luckybrand.bynder.com/match/WebName/135386_420_3/STREETWEAR_DENIM_JACKET_420?preset=wblg,Streetwear Denim Jacket
https://luckybrand.bynder.com/match/WebName/128561_450_3/90S_MIDI_SHORT_450?preset=wblg,90s Midi Short
https://luckybrand.bynder.com/match/WebName/133709_110_3/ZOE_STRAIGHT_110?preset=wblg,High Rise Zoe Straight
https://luckybrand.bynder.com/match/WebName/140224_420_3/90S_MIDI_SHORT_420?preset=wblg,90s Midi Short
https://luckybrand.bynder.com/match/WebName/134659_270_3/HIGH_RISE_MOM_SHORT_270?preset=wblg,High Rise Mom Short
https://luckybrand.bynder.com/match/WebName/134647_001_3/GOLD_RUSH_MID_RISE_FESTIVAL_SHORT_001?preset=wblg,Gold Rush Mid Rise Festival Short
https://luckybrand.bynder.com/match/WebName/145334_450_3/LOOSE_SHORT_450?preset=wblg,Loose Short
https://luckybrand.bynder.com/match/WebName/128526_420_3/DENIM_WESTERN_MINI_SKIRT_420?preset=wblg,Gold Rush Denim Western Mini Skirt
https://luckybrand.bynder.com/match/WebName/148624_450_3/DENIM_MAXI_SKIRT_450?preset=wblg,Denim Maxi Skirt
https://luckybrand.bynder.com/match/WebName/133416_421_3/LIQUID_VEST_421?preset=wblg,Liquid Vest
https://luckybrand.bynder.com/match/WebName/134653_450_3/GOLD_RUSH_LEGEND_MID_RISE_FESTIVAL_SHORT_450?preset=wblg,Gold Rush Legend Mid Rise Festival Short
https://luckybrand.bynder.com/match/WebName/7W15971_430_3/LOOSE_BERMUDA_SHORT_430?preset=wblg,Loose Bermuda Short
https://luckybrand.bynder.com/match/WebName/134651_420_3/MID_RISE_FESTIVAL_SHORT_420?preset=wblg,Mid Rise Festival Short
https://luckybrand.bynder.com/match/WebName/128271_421_3/90S_LOOSE_CROP_421?preset=wblg,90s Loose Crop
https://luckybrand.bynder.com/match/WebName/7W15896_420_3/HIGH_RISE_SHORTY_420?preset=wblg,High Rise Shorty
https://luckybrand.bynder.com/match/WebName/128563_001_3/90S_MIDI_SHORT_001?preset=wblg,90s Midi Short
https://luckybrand.bynder.com/match/WebName/139693_410_3/DENIM_TIE_FRONT_VEST_410?preset=wblg,Denim Tie Front Vest
https://luckybrand.bynder.com/match/WebName/128534_430_3/DENIM_SHIRT_DRESS_430?preset=wblg,Denim Shirt Dress
https://luckybrand.bynder.com/match/WebName/134656_450_3/BAGGY_SHORT_450?preset=wblg,Baggy Short
https://luckybrand.bynder.com/match/WebName/136459_420_3/DENIM_OVERALL_MIDI_DRESS_420?preset=wblg,Denim Overall Midi Dress
https://luckybrand.bynder.com/match/WebName/136504_450_3/DENIM_TRACK_JACKET_450?preset=wblg,Denim Track Jacket
https://luckybrand.bynder.com/match/WebName/128541_050_3/MID_RISE_SWEET_CROP_050?preset=wblg,Mid Rise Sweet Crop
https://luckybrand.bynder.com/match/WebName/119333_430_3/LUCKY_TAILORED_DENIM_VEST_430?preset=wblg,Lucky Tailored Denim Vest
https://luckybrand.bynder.com/match/WebName/119312_400_3/SWEET_MID_RISE_BOOT_CASHMERE_400?preset=wblg,Sweet Mid Rise Boot Cashmere
https://luckybrand.bynder.com/match/WebName/131715_600_3/410_ATHLETIC_STRAIGHT_600?preset=wblg,410 Athletic Straight
https://luckybrand.bynder.com/match/WebName/136393_430_3/181_RELAXED_STRAIGHT_BT_430?preset=wblg,181 Relaxed Straight B&T
https://luckybrand.bynder.com/match/WebName/126909_001_3/181_RELAXED_STRAIGHT_BT_001?preset=wblg,181 Relaxed Straight B&T
https://luckybrand.bynder.com/match/WebName/131714_010_3/410_ATHLETIC_STRAIGHT_CASHMERE_010?preset=wblg,410 Athletic Straight Cashmere
https://luckybrand.bynder.com/match/WebName/143905_001_3/METALLIC_DENIM_MINI_SKIRT_001?preset=wblg,Metallic Denim Mini Skirt
https://luckybrand.bynder.com/match/WebName/136913_410_3/TRACK_PANT_410?preset=wblg,Track Pant
https://luckybrand.bynder.com/match/WebName/119181_400_3/SWEET_MID_RISE_BOOT_CASHMERE_400?preset=wblg,Sweet Mid Rise Boot Cashmere
https://luckybrand.bynder.com/match/WebName/124046_430_3/METALLIC_90S_LOOSE_CROP_430?preset=wblg,Metallic 90s Loose Crop
https://luckybrand.bynder.com/match/WebName/131651_240_3/HIGH_RISE_SEAMED_CORDUROY_STEVIE_FLARE_240?preset=wblg,High Rise Seamed Corduroy Stevie Flare
https://luckybrand.bynder.com/match/WebName/131651_340_3/HIGH_RISE_SEAMED_CORDUROY_STEVIE_FLARE_340?preset=wblg,High Rise Seamed Corduroy Stevie Flare
https://luckybrand.bynder.com/match/WebName/131651_540_3/HIGH_RISE_SEAMED_CORDUROY_STEVIE_FLARE_540?preset=wblg,High Rise Seamed Corduroy Stevie Flare
https://luckybrand.bynder.com/match/WebName/131649_210_3/MID_RISE_CORDUROY_SWEET_BOOT_210?preset=wblg,Mid Rise Corduroy Sweet Boot
https://luckybrand.bynder.com/match/WebName/131644_001_3/HIGH_RISE_PATCH_POCKET_STEVIE_FLARE_001?preset=wblg,High Rise Patch Pocket Stevie Flare
https://luckybrand.bynder.com/match/WebName/119238_640_3/90S_LOOSE_CROP_640?preset=wblg,90s Loose Crop
https://luckybrand.bynder.com/match/WebName/131642_280_3/LUCKY_LEGEND_PATCH_POCKET_HIGH_RISE_WIDE_LEG_280?preset=wblg,Lucky Legend Patch Pocket High Rise Wide Leg
https://luckybrand.bynder.com/match/WebName/7W15825_440_3/DENIM_MAXI_SKIRT_440?preset=wblg,Denim Maxi Skirt
https://luckybrand.bynder.com/match/WebName/7W15812_430_3/LIQUID_DENIM_LUXE_BLAZER_430?preset=wblg,Liquid Denim Luxe Blazer
https://luckybrand.bynder.com/match/WebName/131691_400_3/HIGH_RISE_CURVY_STRAIGHT_400?preset=wblg,High Rise Curvy Straight
https://luckybrand.bynder.com/match/WebName/124872_420_3/HIGH_RISE_CURVY_STRAIGHT_420?preset=wblg,High Rise Curvy Straight
https://luckybrand.bynder.com/match/WebName/123834_410_3/MID_RISE_SWEET_FLARE_410?preset=wblg,Mid Rise Sweet Flare
https://luckybrand.bynder.com/match/WebName/131721_030_3/EASY_RIDER_BOOT_030?preset=wblg,Easy Rider Boot
https://luckybrand.bynder.com/match/WebName/7M13747_430_3/DENIM_TRUCKER_JACKET_430?preset=wblg,Denim Trucker Jacket
https://luckybrand.bynder.com/match/WebName/119257_060_3/410_ATHLETIC_STRAIGHT_060?preset=wblg,410 Athletic Straight
https://luckybrand.bynder.com/match/WebName/7M13704_420_3/410_ATHLETIC_STRAIGHT_COOLMAX_STRETCH_JEAN_420?preset=wblg,410 Athletic Straight Coolmax Stretch Jean
https://luckybrand.bynder.com/match/WebName/7W15961_420_3/SWEET_CROP_420?preset=wblg,Mid Rise Sweet Crop
https://luckybrand.bynder.com/match/WebName/7W15961_420_3/SWEET_CROP_420?preset=wblg,Mid Rise Sweet Crop
https://luckybrand.bynder.com/match/WebName/7W16001_410_3/SWEET_CROP_410?preset=wblg,Mid Rise Sweet Crop
https://luckybrand.bynder.com/match/WebName/7M13727_410_3/EASY_RIDER_BOOT_COOLMAX_STRETCH_JEAN_410?preset=wblg,Easy Rider Boot Coolmax Stretch Jean
https://luckybrand.bynder.com/match/WebName/123874_060_3/MID_RISE_SWEET_STRAIGHT_060?preset=wblg,Mid Rise Sweet Straight
https://luckybrand.bynder.com/match/WebName/119998_240_3/COOLMAX_RELAXED_STRAIGHT_FIT_CHINO_240?preset=wblg,Coolmax Relaxed Straight Fit Chino Pant
https://luckybrand.bynder.com/match/WebName/119998_400_3/COOLMAX_RELAXED_STRAIGHT_FIT_CHINO_400?preset=wblg,Coolmax Relaxed Straight Fit Chino Pant
https://luckybrand.bynder.com/match/WebName/119998_290_3/COOLMAX_RELAXED_STRAIGHT_FIT_CHINO_290?preset=wblg,Coolmax Relaxed Straight Fit Chino Pant
https://luckybrand.bynder.com/match/WebName/7W16034_430_3/TOMBOY_TRUCKER_430?preset=wblg,Tomboy Trucker Jacket
https://luckybrand.bynder.com/match/WebName/131643_001_3/LOW_RISE_FLARE_001?preset=wblg,Low Rise Flare
https://luckybrand.bynder.com/match/WebName/123914_400_3/LUCKY_LEGEND_SELVEDGE_90S_LOOSE_CROP_400?preset=wblg,Lucky Legend Selvedge 90s Loose Crop
https://luckybrand.bynder.com/match/WebName/119241_690_3/90S_LOOSE_CROP_690?preset=wblg,90s Loose Crop
https://luckybrand.bynder.com/match/WebName/7W15792_410_3/MID_RISE_SWEET_FLARE_410?preset=wblg,Mid Rise Sweet Flare
https://luckybrand.bynder.com/match/WebName/7M13717_430_3/223_STRAIGHT_JEAN_430?preset=wblg,223 Straight Jean
https://luckybrand.bynder.com/match/WebName/7W15965_110_3/PATCH_POCKET_HIGH_RISE_WIDE_LEG_110?preset=wblg,Patch Pocket High Rise Wide Leg
https://luckybrand.bynder.com/match/WebName/7W15841_110_3/SWEET_FLARE_110?preset=wblg,Sweet Flare
https://luckybrand.bynder.com/match/WebName/7M13721_410_3/223_STRAIGHT_JEAN_410?preset=wblg,223 Straight Jean
https://luckybrand.bynder.com/match/WebName/7W15830_110_3/AVA_MID_RISE_SKINNY_110?preset=wblg,Ava Mid Rise Skinny
https://luckybrand.bynder.com/match/WebName/7M13714_420_3/412_ATHLETIC_SLIM_PREMIUM_COOLMAX_STRETCH_JEAN_420?preset=wblg,412 Athletic Slim Premium Coolmax Stretch Jean
https://luckybrand.bynder.com/match/WebName/7W15979_440_3/HIGH_RISE_STEVIE_FLARE_440?preset=wblg,High Rise Stevie Flare
https://luckybrand.bynder.com/match/WebName/7W15840_411_3/UNI_BOOT_411?preset=wblg,Uni Boot
https://luckybrand.bynder.com/match/WebName/7W15984_440_3/LIZZIE_LOW_RISE_SKINNY_440?preset=wblg,Low Rise Lizzie Skinny
https://luckybrand.bynder.com/match/WebName/7M13715_450_3/412_ATHLETIC_SLIM_PREMIUM_COOLMAX_STRETCH_JEAN_450?preset=wblg,412 Athletic Slim Premium Coolmax Stretch Jean
https://luckybrand.bynder.com/match/WebName/7M13720_430_3/223_STRAIGHT_PREMIUM_COOLMAX_STRETCH_JEAN_430?preset=wblg,223 Straight Premium Coolmax Stretch Jean
https://luckybrand.bynder.com/match/WebName/7M13722_420_3/363_STRAIGHT_PREMIUM_COOLMAX_STRETCH_JEAN_420?preset=wblg,363 Straight Premium Coolmax Stretch Jean
https://luckybrand.bynder.com/match/WebName/7W15833_290_3/SWEET_STRAIGHT_290?preset=wblg,Sweet Straight
https://luckybrand.bynder.com/match/WebName/7W15838_002_3/UNI_BOOT_002?preset=wblg,Uni Boot
https://luckybrand.bynder.com/match/WebName/7W15608_420_3/HIGH_RISE_BRIDGETTE_SKINNY_420?preset=wblg,High Rise Bridgette Skinny
https://luckybrand.bynder.com/match/WebName/7W15325_001_3/HIGH_RISE_BRIDGETTE_SKINNY_001?preset=wblg,High Rise Bridgette Skinny
https://luckybrand.bynder.com/match/WebName/7W15983_420_3/HIGH_RISE_STEVIE_FLARE_420?preset=wblg,High Rise Stevie Flare
https://luckybrand.bynder.com/match/WebName/7M12997_001_3/110_SLIM_ADVANCED_STRETCH_JEAN_001?preset=wblg,110 Slim Advanced Stretch Jean
https://luckybrand.bynder.com/match/WebName/7M13459_001_3/412_ATHLETIC_SLIM_ADVANCED_STRETCH_JEAN_001?preset=wblg,412 Athletic Slim Advanced Stretch Jean
https://luckybrand.bynder.com/match/WebName/7M13669_410_3/412_ATHLETIC_SLIM_COOLMAX_JEAN_410?preset=wblg,412 Athletic Slim Coolmax Jean
https://luckybrand.bynder.com/match/WebName/7W15699_001_3/MID_RISE_AVA_SKINNY_001?preset=wblg,Mid Rise Ava Skinny
https://luckybrand.bynder.com/match/WebName/7W15478_420_3/MID_RISE_SWEET_BOOT_420?preset=wblg,Mid Rise Sweet Boot
https://luckybrand.bynder.com/match/WebName/7M13394_420_3/411_ATHLETIC_TAPER_ADVANCED_STRETCH_JEAN_420?preset=wblg,411 Athletic Taper Advanced Stretch Jean
https://luckybrand.bynder.com/match/WebName/7M12939_420_3/110_SLIM_COOLMAX_STRETCH_JEAN_420?preset=wblg,110 Slim Coolmax Stretch Jean
https://luckybrand.bynder.com/match/WebName/7M13555_410_3/410_ATHLETIC_STRAIGHT_COOLMAX_STRETCH_JEAN_410?preset=wblg,410 Athletic Straight Coolmax Stretch Jean
https://luckybrand.bynder.com/match/WebName/7M13608_430_3/410_Athletic_Straight_Premium_Coolmax_Stretch_Jean_430?preset=wblg,410 Athletic Straight Premium Coolmax Stretch Jean
https://luckybrand.bynder.com/match/WebName/7W15672_420_3/UNI_BOOT_420?preset=wblg,Uni Boot
https://luckybrand.bynder.com/match/WebName/7M13348_430_3/223_STRAIGHT_ADVANCED_STRETCH_JEAN_430?preset=wblg,223 Straight Advanced Stretch Jean
https://luckybrand.bynder.com/match/WebName/7W15673_410_3/UNI_BOOT_410?preset=wblg,Uni Boot
https://luckybrand.bynder.com/match/WebName/7MD10484_420_3/223_STRAIGHT_JEAN_420?preset=wblg,223 Straight Jean
https://luckybrand.bynder.com/match/WebName/7M12943_410_3/410_ATHLETIC_STRAIGHT_COOLMAX_STRETCH_JEAN_410?preset=wblg,410 Athletic Straight Coolmax Stretch Jean
https://luckybrand.bynder.com/match/WebName/7M13614_430_3/412_ATHLETIC_SLIM_COOLMAX_STRETCH_JEAN_430?preset=wblg,412 Athletic Slim Coolmax Stretch Jean
https://luckybrand.bynder.com/match/WebName/7W15695_430_3/HIGH_RISE_BRIDGETTE_SKINNY_430?preset=wblg,High Rise Bridgette Skinny
https://luckybrand.bynder.com/match/WebName/7M13622_430_3/EASY_RIDER_BOOT_430?preset=wblg,Easy Rider Boot
https://luckybrand.bynder.com/match/WebName/7M13626_420_3/110_Slim_Premium_Coolmax_Stretch_Jean_420?preset=wblg,110 Slim Premium Coolmax Stretch Jean
https://luckybrand.bynder.com/match/WebName/7W15590_420_3/90S_LOOSE_CROP_420?preset=wblg,90s Loose Crop
https://luckybrand.bynder.com/match/WebName/7W15697_420_3/MID_RISE_AVA_SKINNY_420?preset=wblg,Mid Rise Ava Skinny
https://luckybrand.bynder.com/match/WebName/7W15462_450_3/HIGH_RISE_BRIDGETTE_SKINNY_450?preset=wblg,High Rise Bridgette Skinny
https://luckybrand.bynder.com/match/WebName/7W15459_440_3/UNI_FIT_HIGH_RISE_SKINNY_440?preset=wblg,Uni Fit High Rise Skinny
https://luckybrand.bynder.com/match/WebName/7W15635_430_3/LOW_RISE_LIZZIE_SKINNY_430?preset=wblg,Low Rise Lizzie Skinny
https://luckybrand.bynder.com/match/WebName/7W15632_001_3/LOW_RISE_LIZZIE_SKINNY_001?preset=wblg,Low Rise Lizzie Skinny
https://luckybrand.bynder.com/match/WebName/7W15641_430_3/TOMBOY_DENIM_TRUCKER_JACKET_430?preset=wblg,Tomboy Denim Trucker Jacket
https://luckybrand.bynder.com/match/WebName/7M13452_420_3/223_STRAIGHT_COOLMAX_STRETCH_JEAN_420?preset=wblg,223 Straight Coolmax Stretch Jean
https://luckybrand.bynder.com/match/WebName/7M13399_001_3/411_ATHLETIC_TAPER_ADVANCED_STRETCH_JEAN_001?preset=wblg,411 Athletic Taper Advanced Stretch Jean
https://luckybrand.bynder.com/match/WebName/7W15451_010_3/HIGH_RISE_DREW_MOM_010?preset=wblg,High Rise Drew Mom
https://luckybrand.bynder.com/match/WebName/7W15607_020_3/BRIDGETTE_HIGH_RISE_SKINNY_020?preset=wblg,Bridgette High Rise Skinny
https://luckybrand.bynder.com/match/WebName/7MD10509_410_3/363_VINTAGE_STRAIGHT_410?preset=wblg,363 Vintage Straight
https://luckybrand.bynder.com/match/WebName/7MD10490_400_3/410_ATHLETIC_STRAIGHT_JEAN_400?preset=wblg,410 Athletic Straight Jean
https://luckybrand.bynder.com/match/WebName/7MD10466_420_3/223_STRAIGHT_420?preset=wblg,223 Straight
https://luckybrand.bynder.com/match/WebName/7W15615_001_3/HIGH_RISE_ZOE_STRAIGHT_001?preset=wblg,High Rise Zoe Straight
https://luckybrand.bynder.com/match/WebName/7W15634_420_3/LOW_RISE_LIZZIE_SKINNY_420?preset=wblg,Low Rise Lizzie Skinny
https://luckybrand.bynder.com/match/WebName/7W15633_410_3/LOW_RISE_LIZZIE_SKINNY_410?preset=wblg,Low Rise Lizzie Skinny
https://luckybrand.bynder.com/match/WebName/7W15022_002_3/UNI_FIT_HIGH_RISE_SKINNY_JEAN_002?preset=wblg,Uni Fit High Rise Skinny Jean
https://luckybrand.bynder.com/match/WebName/7W15417_450_3/UNI_FIT_450?preset=wblg,Uni Fit
https://luckybrand.bynder.com/match/WebName/7M13496_420_3/EASY_RIDER_BOOT_COMFORT_STRETCH_JEAN_420?preset=wblg,Easy Rider Boot Comfort Stretch Jean
https://luckybrand.bynder.com/match/WebName/7WD11514_420_3/High_Rise_Bridgette_Skinny_420?preset=wblg,High Rise Bridgette Skinny
https://luckybrand.bynder.com/match/WebName/7WD11463_410_3/LOW_RISE_LOLITA_SKINNY_410?preset=wblg,Low Rise Lolita Skinny
https://luckybrand.bynder.com/match/WebName/7WD11462_001_3/HIGH_RISE_BRIDGETTE_SKINNY_001?preset=wblg,High Rise Bridgette Skinny
https://luckybrand.bynder.com/match/WebName/7W15019_411_3/UNI_FIT_HIGH_RISE_SKINNY_JEAN_411?preset=wblg,Uni Fit High Rise Skinny Jean
https://luckybrand.bynder.com/match/WebName/7W15020_431_3/UNI_FIT_HIGH_RISE_SKINNY_JEAN_431?preset=wblg,Uni Fit High Rise Skinny Jean
https://luckybrand.bynder.com/match/WebName/7W15021_011_2/UNI_FIT_HIGH_RISE_SKINNY_JEAN_011?preset=wblg,Uni Fit High Rise Skinny Jean
https://luckybrand.bynder.com/match/WebName/7W15867_420_3/MID_RISE_AVA_SHORT_420?preset=wblg,Mid Rise Ava Short
https://luckybrand.bynder.com/match/WebName/134477_420_3/LOW_RISE_FESTIVAL_SHORT_420?preset=wblg,Low Rise Festival Short
https://luckybrand.bynder.com/match/WebName/7W15988_001_3/MID_RISE_AVA_SHORT_001?preset=wblg,Mid Rise Ava Short
https://luckybrand.bynder.com/match/WebName/134760_420_3/90S_LOOSE_SHORT_420?preset=wblg,90s Loose Short
https://luckybrand.bynder.com/match/WebName/7M13624_040_3/100_SKINNY_040?preset=wblg,100 Skinny